-- phpMyAdmin SQL Dump
-- version 5.2.0
-- https://www.phpmyadmin.net/
--
-- Host: 127.0.0.1
-- Generation Time: Nov 26, 2022 at 01:58 PM
-- Server version: 10.4.24-MariaDB
-- PHP Version: 8.1.6

SET SQL_MODE = "NO_AUTO_VALUE_ON_ZERO";
START TRANSACTION;
SET time_zone = "+00:00";


/*!40101 SET @OLD_CHARACTER_SET_CLIENT=@@CHARACTER_SET_CLIENT */;
/*!40101 SET @OLD_CHARACTER_SET_RESULTS=@@CHARACTER_SET_RESULTS */;
/*!40101 SET @OLD_COLLATION_CONNECTION=@@COLLATION_CONNECTION */;
/*!40101 SET NAMES utf8mb4 */;

--
-- Database: `mbanking`
--

-- --------------------------------------------------------

--
-- Table structure for table `failed_jobs`
--

CREATE TABLE `failed_jobs` (
  `id` bigint(20) UNSIGNED NOT NULL,
  `uuid` varchar(255) COLLATE utf8mb4_unicode_ci NOT NULL,
  `connection` text COLLATE utf8mb4_unicode_ci NOT NULL,
  `queue` text COLLATE utf8mb4_unicode_ci NOT NULL,
  `payload` longtext COLLATE utf8mb4_unicode_ci NOT NULL,
  `exception` longtext COLLATE utf8mb4_unicode_ci NOT NULL,
  `failed_at` timestamp NOT NULL DEFAULT current_timestamp()
) ENGINE=InnoDB DEFAULT CHARSET=utf8mb4 COLLATE=utf8mb4_unicode_ci;

-- --------------------------------------------------------

--
-- Table structure for table `migrations`
--

CREATE TABLE `migrations` (
  `id` int(10) UNSIGNED NOT NULL,
  `migration` varchar(255) COLLATE utf8mb4_unicode_ci NOT NULL,
  `batch` int(11) NOT NULL
) ENGINE=InnoDB DEFAULT CHARSET=utf8mb4 COLLATE=utf8mb4_unicode_ci;

--
-- Dumping data for table `migrations`
--

INSERT INTO `migrations` (`id`, `migration`, `batch`) VALUES
(1, '2014_10_12_100000_create_password_resets_table', 1),
(2, '2019_08_19_000000_create_failed_jobs_table', 1),
(3, '2019_12_14_000001_create_personal_access_tokens_table', 1),
(4, '2022_10_30_134344_create_users_table', 1),
(5, '2022_10_30_134747_create_transactions_table', 1),
(6, '2022_10_30_134817_create_verifications_table', 1);

-- --------------------------------------------------------

--
-- Table structure for table `password_resets`
--

CREATE TABLE `password_resets` (
  `email` varchar(255) COLLATE utf8mb4_unicode_ci NOT NULL,
  `token` varchar(255) COLLATE utf8mb4_unicode_ci NOT NULL,
  `created_at` timestamp NULL DEFAULT NULL
) ENGINE=InnoDB DEFAULT CHARSET=utf8mb4 COLLATE=utf8mb4_unicode_ci;

-- --------------------------------------------------------

--
-- Table structure for table `personal_access_tokens`
--

CREATE TABLE `personal_access_tokens` (
  `id` bigint(20) UNSIGNED NOT NULL,
  `tokenable_type` varchar(255) COLLATE utf8mb4_unicode_ci NOT NULL,
  `tokenable_id` bigint(20) UNSIGNED NOT NULL,
  `name` varchar(255) COLLATE utf8mb4_unicode_ci NOT NULL,
  `token` varchar(64) COLLATE utf8mb4_unicode_ci NOT NULL,
  `abilities` text COLLATE utf8mb4_unicode_ci DEFAULT NULL,
  `last_used_at` timestamp NULL DEFAULT NULL,
  `expires_at` timestamp NULL DEFAULT NULL,
  `created_at` timestamp NULL DEFAULT NULL,
  `updated_at` timestamp NULL DEFAULT NULL
) ENGINE=InnoDB DEFAULT CHARSET=utf8mb4 COLLATE=utf8mb4_unicode_ci;

-- --------------------------------------------------------

--
-- Table structure for table `transactions`
--

CREATE TABLE `transactions` (
  `id` bigint(20) UNSIGNED NOT NULL,
  `users_id` bigint(20) UNSIGNED NOT NULL,
  `debit` bigint(20) NOT NULL,
  `credit` bigint(20) NOT NULL,
  `saldo` bigint(20) NOT NULL,
  `from` bigint(20) NOT NULL,
  `dest` bigint(20) NOT NULL,
  `desc` varchar(255) COLLATE utf8mb4_unicode_ci NOT NULL,
  `created_at` timestamp NULL DEFAULT NULL,
  `updated_at` timestamp NULL DEFAULT NULL
) ENGINE=InnoDB DEFAULT CHARSET=utf8mb4 COLLATE=utf8mb4_unicode_ci;

--
-- Dumping data for table `transactions`
--

INSERT INTO `transactions` (`id`, `users_id`, `debit`, `credit`, `saldo`, `from`, `dest`, `desc`, `created_at`, `updated_at`) VALUES
(1, 51, 0, 3145659, 7394505, 4903505921641847767, 67096890982640284, 'Pembayaran', '2022-02-04 15:34:02', '2022-05-17 14:00:52'),
(2, 198, 0, 8178870, 3047462, 5497167741997338, 5007664203451146, 'Pembayaran', '2021-07-30 19:16:25', '2022-06-01 11:18:57'),
(3, 67, 0, 1038011, 9093605, 5018791362073473, 5602257300196208, 'Pembayaran', '2022-06-26 22:14:57', '2022-05-07 22:59:16'),
(4, 122, 9061124, 0, 1379346, 5007662392026547, 5007662392026547, 'Setor tunai', '2022-10-20 12:24:06', '2021-11-29 00:55:33'),
(5, 14, 0, 3260465, 5089551, 3548482883197850, 5610360038324731319, 'Pembayaran', '2022-09-06 10:30:03', '2022-06-22 09:00:21'),
(6, 200, 0, 2104221, 3939586, 3577383497663176, 0, 'Pembayaran', '2022-07-30 19:46:45', '2022-08-22 14:11:05'),
(7, 123, 0, 5814382, 3782827, 374283361000359, 3579413881545941, 'Pembayaran', '2022-06-15 13:50:41', '2022-01-05 22:32:07'),
(8, 85, 8765140, 0, 3144641, 4905406009152478126, 4905406009152478126, 'Setor tunai', '2021-07-09 13:09:07', '2021-11-26 05:51:13'),
(9, 24, 0, 5023600, 5676648, 5007668096837394, 3549305393021915, 'Pembayaran', '2021-10-06 06:05:38', '2022-08-31 00:23:29'),
(10, 112, 0, 730609, 3437491, 3552569041216904, 6759124544431743, 'Pembayaran', '2021-08-11 11:11:25', '2022-04-23 21:00:43'),
(11, 181, 0, 1498128, 2539193, 3580128435124731, 630428960638884653, 'Pembayaran', '2022-03-03 20:46:28', '2022-06-25 10:44:45'),
(12, 179, 3190302, 0, 7124141, 5602229064045126025, 5602229064045126025, 'Setor tunai', '2022-08-08 09:30:04', '2022-06-04 05:47:33'),
(13, 171, 0, 7301488, 802224, 3585275086149742, 56022445525467273, 'Pembayaran', '2022-02-16 15:31:33', '2022-03-02 21:06:05'),
(14, 83, 0, 1781839, 2830697, 201835067576369, 3531581761443580, 'Pembayaran', '2021-12-10 04:52:46', '2022-05-27 12:19:52'),
(15, 99, 0, 5460774, 1236995, 4017955611861129, 4041377278700, 'Pembayaran', '2022-04-11 04:03:11', '2021-12-09 22:45:31'),
(16, 162, 0, 7136310, 9631294, 4405397596566680, 3550531702257603, 'Pembayaran', '2022-03-19 00:01:42', '2021-10-21 16:19:16'),
(17, 108, 0, 7921243, 4128219, 3559168775461019, 4913725672479144, 'Pembayaran', '2022-02-03 03:09:35', '2022-03-09 17:08:26'),
(18, 37, 0, 7668688, 159318, 676100689865869859, 4017951909400811, 'Pembayaran', '2021-09-03 05:23:41', '2022-06-08 05:03:52'),
(19, 182, 3133152, 0, 2542084, 630428960638884653, 630428960638884653, 'Setor tunai', '2021-07-13 18:35:57', '2022-05-26 21:19:27'),
(20, 166, 0, 3589753, 3709987, 5602230027103468, 56022484605393554, 'Pembayaran', '2022-01-31 10:59:40', '2021-10-04 19:18:55'),
(21, 23, 0, 3094081, 820291, 3544220353786172, 5007668096837394, 'Pembayaran', '2021-12-07 13:17:59', '2022-06-26 20:19:15'),
(22, 62, 0, 7692863, 5023573, 3539293264269965, 3586672035809203, 'Pembayaran', '2022-08-29 08:26:48', '2022-06-13 21:13:21'),
(23, 32, 0, 4517407, 1263187, 201589515899077, 5010125251482180, 'Pembayaran', '2021-10-07 13:23:17', '2022-08-12 11:12:32'),
(24, 34, 0, 3328744, 9036955, 56106369165533310, 5102411928970578, 'Pembayaran', '2021-09-09 16:10:08', '2022-06-23 10:13:10'),
(25, 8, 9579112, 0, 3672228, 5602254184919110, 5602254184919110, 'Setor tunai', '2022-09-04 22:08:31', '2021-08-08 00:03:38'),
(26, 123, 0, 2071133, 862299, 374283361000359, 3579413881545941, 'Pembayaran', '2022-07-31 06:46:27', '2021-09-17 01:14:06'),
(27, 82, 1288448, 0, 9316001, 5893493007408269, 5893493007408269, 'Setor tunai', '2022-04-09 03:29:05', '2022-08-06 08:02:55'),
(28, 157, 0, 3000920, 4042183, 3578272512454159, 201957059029858, 'Pembayaran', '2022-10-02 13:21:14', '2022-07-26 08:33:06'),
(29, 162, 0, 2217370, 1272678, 4405397596566680, 3550531702257603, 'Pembayaran', '2022-07-18 01:40:15', '2022-10-28 04:32:23'),
(30, 167, 0, 6161551, 605489, 56022484605393554, 67635496752871410, 'Pembayaran', '2022-03-29 11:37:40', '2022-09-10 21:20:04'),
(31, 162, 2348180, 0, 2977329, 4405397596566680, 4405397596566680, 'Setor tunai', '2021-10-13 17:25:36', '2021-07-13 19:38:37'),
(32, 106, 0, 7909303, 8526072, 30394348707622, 3537722674391870, 'Pembayaran', '2022-03-19 07:15:01', '2022-02-10 11:33:57'),
(33, 48, 0, 1696984, 8534029, 30365093930924, 6398019259430772, 'Pembayaran', '2022-01-13 23:40:27', '2022-09-13 11:24:42'),
(34, 188, 1860382, 0, 778512, 3578303092335300, 3578303092335300, 'Setor tunai', '2021-09-21 15:22:01', '2021-11-21 08:25:13'),
(35, 138, 0, 3747456, 7732249, 4911945607301808782, 604737023127145382, 'Pembayaran', '2022-01-03 03:21:35', '2021-07-02 10:25:08'),
(36, 200, 0, 6814924, 5621491, 3577383497663176, 0, 'Pembayaran', '2022-08-23 22:07:52', '2021-10-30 23:10:02'),
(37, 3, 0, 1187763, 5906938, 3582924079942323, 3559689873617590, 'Pembayaran', '2021-11-06 13:11:49', '2021-11-06 04:15:51'),
(38, 200, 0, 6962320, 4224481, 3577383497663176, 0, 'Pembayaran', '2021-08-28 01:11:45', '2021-09-04 12:20:55'),
(39, 98, 0, 9264549, 3317572, 3530941430613131, 4017955611861129, 'Pembayaran', '2022-04-24 16:55:32', '2022-09-30 03:34:54'),
(40, 189, 1105262, 0, 4973262, 67610516359422751, 67610516359422751, 'Setor tunai', '2022-05-15 05:33:07', '2021-11-30 10:00:04'),
(41, 48, 0, 7099928, 8429171, 30365093930924, 6398019259430772, 'Pembayaran', '2022-10-23 02:08:05', '2021-08-14 12:40:24'),
(42, 99, 0, 3254563, 543403, 4017955611861129, 4041377278700, 'Pembayaran', '2021-08-09 03:52:34', '2022-03-14 20:16:21'),
(43, 191, 0, 7322531, 8682151, 3559898303966614, 372056236512523, 'Pembayaran', '2022-05-11 14:02:21', '2022-05-25 14:32:54'),
(44, 124, 7818189, 0, 649426, 3579413881545941, 3579413881545941, 'Setor tunai', '2022-04-25 18:26:18', '2022-10-16 21:22:39'),
(45, 121, 2027189, 0, 8836617, 3585438613721389, 3585438613721389, 'Setor tunai', '2021-11-01 12:32:10', '2022-03-14 12:14:41'),
(46, 139, 0, 9482233, 9020857, 604737023127145382, 633110296978937315, 'Pembayaran', '2021-09-30 07:33:53', '2022-06-23 09:30:06'),
(47, 143, 0, 3721439, 590241, 374283807772934, 5602214222891504144, 'Pembayaran', '2022-06-14 17:13:08', '2022-09-18 20:42:11'),
(48, 122, 0, 2017007, 1994245, 5007662392026547, 374283361000359, 'Pembayaran', '2022-04-07 05:47:30', '2022-07-04 12:32:51'),
(49, 122, 0, 1593161, 4842067, 5007662392026547, 374283361000359, 'Pembayaran', '2021-07-02 22:53:37', '2021-10-14 08:05:00'),
(50, 199, 0, 7662477, 351509, 5007664203451146, 3577383497663176, 'Pembayaran', '2022-05-08 16:23:12', '2022-04-12 02:17:36'),
(51, 187, 4576442, 0, 4954411, 5602216110377296822, 5602216110377296822, 'Setor tunai', '2022-10-12 07:55:03', '2022-04-28 01:43:12'),
(52, 57, 0, 1989250, 3602322, 4026601808096595, 3568031591463446, 'Pembayaran', '2021-12-30 22:08:26', '2021-08-03 17:14:03'),
(53, 183, 0, 4905121, 9296734, 5610296451965946, 3580250989302925, 'Pembayaran', '2021-07-07 09:03:13', '2022-03-26 06:20:42'),
(54, 151, 0, 5461465, 9759031, 3563784214045116, 6333775769240443, 'Pembayaran', '2022-05-28 20:00:17', '2021-11-23 14:47:36'),
(55, 41, 0, 6337226, 1324362, 5602242943960162243, 6709942850748224192, 'Pembayaran', '2022-06-07 07:24:30', '2021-07-13 02:20:53'),
(56, 111, 8766089, 0, 8573044, 374283429556855, 374283429556855, 'Setor tunai', '2022-04-19 10:14:35', '2022-07-23 21:50:54'),
(57, 156, 0, 7104683, 9248329, 3530970415951992, 3578272512454159, 'Pembayaran', '2021-07-19 03:31:41', '2021-09-26 00:49:07'),
(58, 138, 0, 7228893, 2701148, 4911945607301808782, 604737023127145382, 'Pembayaran', '2022-08-28 07:32:23', '2021-10-27 14:19:40'),
(59, 154, 0, 8123983, 795007, 4041371367319, 3577061447191304, 'Pembayaran', '2022-09-30 15:15:18', '2021-12-21 07:53:11'),
(60, 132, 0, 5793655, 3333148, 3529787436654410, 5602258513023858, 'Pembayaran', '2021-08-15 15:23:05', '2021-12-03 07:37:32'),
(61, 37, 0, 305616, 4986460, 676100689865869859, 4017951909400811, 'Pembayaran', '2022-04-03 16:56:05', '2021-09-30 17:15:12'),
(62, 59, 0, 6043637, 6932897, 3558997930629958, 5284681382498569, 'Pembayaran', '2022-01-10 07:22:41', '2022-10-21 02:20:22'),
(63, 84, 0, 9684566, 4255620, 3531581761443580, 4905406009152478126, 'Pembayaran', '2021-10-20 18:07:32', '2022-07-30 16:36:11'),
(64, 4, 2444257, 0, 9753189, 3559689873617590, 3559689873617590, 'Setor tunai', '2022-05-12 02:54:11', '2022-07-02 20:23:33'),
(65, 200, 4053647, 0, 515832, 3577383497663176, 3577383497663176, 'Setor tunai', '2022-02-16 22:29:10', '2021-12-20 23:25:47'),
(66, 185, 3247582, 0, 435875, 3546453907680439, 3546453907680439, 'Setor tunai', '2021-07-21 05:35:29', '2021-12-07 13:43:29'),
(67, 78, 4615853, 0, 2742113, 3584322556316020, 3584322556316020, 'Setor tunai', '2022-04-25 21:52:57', '2022-08-07 06:21:30'),
(68, 189, 0, 956435, 6086531, 67610516359422751, 6334366431846339937, 'Pembayaran', '2022-10-04 22:34:23', '2022-05-02 11:04:01'),
(69, 14, 5178615, 0, 1432211, 3548482883197850, 3548482883197850, 'Setor tunai', '2022-07-24 09:48:28', '2021-09-08 00:28:24'),
(70, 111, 0, 8600291, 6074988, 374283429556855, 3552569041216904, 'Pembayaran', '2021-10-06 11:54:17', '2022-04-07 07:57:52'),
(71, 193, 0, 6042337, 9510329, 3539198684262443, 3551183665014057, 'Pembayaran', '2022-01-14 11:32:07', '2022-01-25 08:36:57'),
(72, 157, 0, 2316943, 5393972, 3578272512454159, 201957059029858, 'Pembayaran', '2021-10-07 21:55:08', '2022-05-17 16:11:30'),
(73, 28, 0, 5912421, 7698713, 3549921873756356, 3539776420379538, 'Pembayaran', '2021-10-23 23:55:04', '2021-10-11 17:46:57'),
(74, 86, 0, 1683400, 8152043, 633409415535897057, 50389242095180620, 'Pembayaran', '2022-09-18 01:37:32', '2022-07-17 06:46:15'),
(75, 138, 0, 3400958, 5771896, 4911945607301808782, 604737023127145382, 'Pembayaran', '2022-05-15 01:39:27', '2022-01-28 15:40:38'),
(76, 199, 0, 9000745, 6223490, 5007664203451146, 3577383497663176, 'Pembayaran', '2021-12-10 19:29:23', '2021-07-26 17:54:58'),
(77, 92, 2867406, 0, 294908, 3544465897218683, 3544465897218683, 'Setor tunai', '2022-10-01 22:49:00', '2022-02-21 21:00:49'),
(78, 62, 0, 9132204, 204357, 3539293264269965, 3586672035809203, 'Pembayaran', '2022-05-27 19:04:18', '2021-07-14 03:02:55'),
(79, 66, 0, 8373184, 9350982, 3533492357963056, 5018791362073473, 'Pembayaran', '2021-09-12 12:50:58', '2021-10-27 23:50:00'),
(80, 194, 0, 4838292, 6724495, 3551183665014057, 5020999136375842018, 'Pembayaran', '2021-10-03 09:49:26', '2022-10-12 02:13:15'),
(81, 4, 0, 5364323, 3513872, 3559689873617590, 3557945809967091, 'Pembayaran', '2022-10-07 22:40:20', '2021-11-25 19:19:29'),
(82, 24, 0, 2475783, 6712319, 5007668096837394, 3549305393021915, 'Pembayaran', '2022-09-07 12:24:58', '2022-04-14 14:54:16'),
(83, 123, 0, 7904175, 7053469, 374283361000359, 3579413881545941, 'Pembayaran', '2022-01-11 18:39:45', '2022-02-07 04:43:44'),
(84, 138, 0, 4591911, 2138617, 4911945607301808782, 604737023127145382, 'Pembayaran', '2021-11-03 23:23:39', '2022-08-01 20:36:39'),
(85, 114, 0, 7454610, 4203545, 5602227279806509, 3582797926278640, 'Pembayaran', '2022-08-13 05:56:50', '2021-11-20 02:44:02'),
(86, 173, 0, 8695767, 1248104, 3562593136560826, 3542924071867204, 'Pembayaran', '2022-03-22 10:58:16', '2021-08-23 21:56:50'),
(87, 99, 0, 5080921, 2664935, 4017955611861129, 4041377278700, 'Pembayaran', '2022-09-01 08:55:00', '2021-12-05 23:01:52'),
(88, 79, 6090519, 0, 1342674, 3573003497709423, 3573003497709423, 'Setor tunai', '2022-10-05 16:07:21', '2022-01-26 00:21:16'),
(89, 110, 0, 2991035, 4493717, 5602252737021582, 374283429556855, 'Pembayaran', '2021-12-21 18:38:41', '2022-04-16 06:15:31'),
(90, 143, 0, 2152629, 617027, 374283807772934, 5602214222891504144, 'Pembayaran', '2021-09-29 01:18:22', '2022-05-12 22:02:17'),
(91, 93, 0, 4851426, 5356231, 63048848225776214, 5893914929937242, 'Pembayaran', '2021-07-08 07:26:48', '2021-09-24 04:07:24'),
(92, 64, 5863409, 0, 9545400, 201932266481457, 201932266481457, 'Setor tunai', '2022-01-24 15:42:10', '2022-02-09 20:43:21'),
(93, 60, 0, 8595653, 8639471, 5284681382498569, 6045990900640257, 'Pembayaran', '2022-02-09 07:46:00', '2022-07-06 19:34:54'),
(94, 119, 0, 7580356, 3508903, 3589897649463603, 3571827231847400, 'Pembayaran', '2022-08-23 02:38:43', '2022-05-26 13:01:50'),
(95, 70, 0, 1215525, 8798405, 3529817199143382, 502091315527251075, 'Pembayaran', '2021-09-17 13:15:30', '2021-08-02 07:14:28'),
(96, 185, 0, 6548996, 3445936, 3546453907680439, 3562457917708295, 'Pembayaran', '2021-07-14 05:50:30', '2022-10-20 19:09:32'),
(97, 179, 0, 8082527, 854854, 5602229064045126025, 50202020724787253, 'Pembayaran', '2021-09-16 05:07:48', '2022-08-06 23:06:04'),
(98, 133, 0, 547634, 8197603, 5602258513023858, 337941631723490, 'Pembayaran', '2021-12-14 14:14:23', '2021-10-16 01:15:47'),
(99, 34, 0, 6635991, 8978591, 56106369165533310, 5102411928970578, 'Pembayaran', '2022-08-03 15:58:20', '2021-09-09 16:42:29'),
(100, 7, 7165783, 0, 4311734, 3540709086628895, 3540709086628895, 'Setor tunai', '2021-08-16 19:47:50', '2021-11-27 18:41:04'),
(101, 96, 0, 4113882, 4475756, 5229347195826796, 3545374518528414, 'Pembayaran', '2022-02-28 20:44:36', '2021-10-18 13:13:25'),
(102, 82, 0, 4593924, 5171427, 5893493007408269, 201835067576369, 'Pembayaran', '2021-07-09 01:54:36', '2021-11-28 06:01:43'),
(103, 52, 0, 4803573, 2084685, 67096890982640284, 6761632587040631, 'Pembayaran', '2021-07-03 04:34:23', '2021-08-29 05:13:40'),
(104, 180, 0, 8608395, 688434, 50202020724787253, 3580128435124731, 'Pembayaran', '2021-09-24 02:21:29', '2022-01-23 10:21:40'),
(105, 141, 0, 1489336, 5834788, 3539385050072288, 5893188560990303, 'Pembayaran', '2021-11-10 18:45:36', '2021-09-12 15:14:20'),
(106, 109, 3183931, 0, 5321804, 4913725672479144, 4913725672479144, 'Setor tunai', '2021-07-27 18:33:24', '2021-07-08 09:35:01'),
(107, 12, 0, 8364495, 5270329, 3557948001247866, 5100170688773802, 'Pembayaran', '2021-11-15 14:19:04', '2021-12-02 02:06:44'),
(108, 178, 0, 8467622, 5105460, 6334391496329423036, 5602229064045126025, 'Pembayaran', '2022-02-14 12:16:53', '2021-07-27 06:46:20'),
(109, 81, 6855827, 0, 8702334, 3544217890884742, 3544217890884742, 'Setor tunai', '2022-07-31 19:45:43', '2021-10-18 02:53:59'),
(110, 165, 0, 2862331, 6315822, 5048370447124033, 5602230027103468, 'Pembayaran', '2022-10-21 13:31:56', '2022-08-22 11:55:02'),
(111, 191, 3022723, 0, 738480, 3559898303966614, 3559898303966614, 'Setor tunai', '2022-07-15 19:55:07', '2022-02-21 08:10:27'),
(112, 32, 0, 9692497, 630937, 201589515899077, 5010125251482180, 'Pembayaran', '2022-02-12 09:05:54', '2021-12-09 18:24:29'),
(113, 16, 0, 3853630, 6393169, 670967474137851067, 5100146704792836, 'Pembayaran', '2021-12-17 14:46:44', '2022-02-14 18:52:50'),
(114, 138, 0, 710846, 251102, 4911945607301808782, 604737023127145382, 'Pembayaran', '2022-05-24 19:01:24', '2021-11-08 05:33:39'),
(115, 172, 0, 2898401, 2845617, 56022445525467273, 3562593136560826, 'Pembayaran', '2021-12-21 06:25:41', '2022-08-30 02:31:29'),
(116, 13, 0, 9919771, 1860600, 5100170688773802, 3548482883197850, 'Pembayaran', '2022-02-14 12:53:56', '2022-06-06 07:29:34'),
(117, 44, 0, 1760361, 8635469, 67094367942076612, 3535774079447759, 'Pembayaran', '2021-09-26 02:14:33', '2021-07-10 22:17:23'),
(118, 19, 0, 2331532, 4136398, 3561070953372420, 3559305526642667, 'Pembayaran', '2021-11-23 06:47:52', '2022-03-07 14:50:44'),
(119, 88, 0, 3760286, 8490741, 341085734314122, 373405972297097, 'Pembayaran', '2022-03-07 16:00:48', '2022-03-08 22:47:33'),
(120, 142, 0, 8911665, 63265, 5893188560990303, 374283807772934, 'Pembayaran', '2022-04-09 01:23:48', '2022-02-16 20:12:07'),
(121, 18, 0, 5133859, 3210939, 3560322106092772, 3561070953372420, 'Pembayaran', '2022-08-09 13:02:25', '2022-02-03 22:26:15'),
(122, 115, 0, 8759789, 5086500, 3582797926278640, 5002359897776339, 'Pembayaran', '2021-08-29 03:29:46', '2021-11-15 19:56:04'),
(123, 68, 0, 5285957, 5740227, 5602257300196208, 201516186161636, 'Pembayaran', '2022-08-18 18:21:32', '2022-08-09 22:19:10'),
(124, 94, 0, 6558350, 4076980, 5893914929937242, 3589800611739653, 'Pembayaran', '2022-10-26 01:36:12', '2021-07-19 14:01:44'),
(125, 198, 0, 9265886, 3195894, 5497167741997338, 5007664203451146, 'Pembayaran', '2022-01-25 14:42:03', '2021-09-04 00:21:27'),
(126, 178, 600047, 0, 7818437, 6334391496329423036, 6334391496329423036, 'Setor tunai', '2022-07-20 20:56:21', '2022-05-30 10:07:59'),
(127, 16, 0, 5992622, 6051181, 670967474137851067, 5100146704792836, 'Pembayaran', '2022-07-23 17:48:04', '2021-09-15 14:59:00'),
(128, 123, 0, 5631378, 3746155, 374283361000359, 3579413881545941, 'Pembayaran', '2021-08-13 09:05:43', '2022-02-04 06:40:53'),
(129, 185, 5613001, 0, 5475819, 3546453907680439, 3546453907680439, 'Setor tunai', '2021-10-08 21:02:50', '2022-06-19 10:00:00'),
(130, 136, 0, 9877502, 538991, 3582851352618363, 3571428255343788, 'Pembayaran', '2022-03-07 00:21:54', '2021-09-03 14:12:46'),
(131, 29, 4535765, 0, 4518174, 3539776420379538, 3539776420379538, 'Setor tunai', '2022-01-04 07:04:13', '2022-08-09 08:04:38'),
(132, 197, 0, 2066681, 713070, 502048842952497471, 5497167741997338, 'Pembayaran', '2022-03-09 07:31:36', '2022-03-21 20:42:31'),
(133, 166, 0, 7774755, 5177910, 5602230027103468, 56022484605393554, 'Pembayaran', '2022-06-07 22:07:02', '2021-10-23 18:19:49'),
(134, 2, 0, 6280738, 7433242, 4936764319810349, 3582924079942323, 'Pembayaran', '2022-11-16 04:36:08', '2022-10-30 15:45:58'),
(135, 77, 0, 3711114, 4563906, 4917430926002935, 3584322556316020, 'Pembayaran', '2022-05-21 15:29:51', '2022-10-20 22:55:41'),
(136, 150, 0, 1967832, 8950588, 4917137831693738, 3563784214045116, 'Pembayaran', '2021-08-30 18:26:23', '2022-03-15 23:15:45'),
(137, 32, 9716337, 0, 9150243, 201589515899077, 201589515899077, 'Setor tunai', '2022-02-17 12:21:22', '2022-08-01 00:55:15'),
(138, 168, 4598172, 0, 9838317, 67635496752871410, 67635496752871410, 'Setor tunai', '2022-08-25 21:42:52', '2022-05-31 13:51:16'),
(139, 98, 6466758, 0, 3552473, 3530941430613131, 3530941430613131, 'Setor tunai', '2021-08-16 22:10:25', '2022-04-16 03:42:28'),
(140, 28, 0, 4939954, 8369269, 3549921873756356, 3539776420379538, 'Pembayaran', '2022-01-28 05:51:46', '2022-08-12 13:53:39'),
(141, 28, 0, 4720016, 487865, 3549921873756356, 3539776420379538, 'Pembayaran', '2022-10-30 14:43:25', '2021-12-08 13:00:03'),
(142, 23, 0, 3815529, 6114565, 3544220353786172, 5007668096837394, 'Pembayaran', '2022-05-07 23:57:22', '2022-07-25 20:25:35'),
(143, 98, 0, 1847951, 384514, 3530941430613131, 4017955611861129, 'Pembayaran', '2022-10-09 05:47:24', '2021-08-15 16:56:46'),
(144, 104, 8322295, 0, 1194814, 30225597353546, 30225597353546, 'Setor tunai', '2022-05-02 20:05:26', '2021-06-30 21:07:07'),
(145, 111, 6198087, 0, 6382848, 374283429556855, 374283429556855, 'Setor tunai', '2022-02-18 04:25:25', '2022-02-06 01:20:11'),
(146, 141, 0, 4491505, 5269486, 3539385050072288, 5893188560990303, 'Pembayaran', '2021-11-07 19:11:49', '2021-12-03 09:36:11'),
(147, 128, 0, 7560115, 6555246, 5602239011358194, 201793596061652, 'Pembayaran', '2022-05-01 19:33:50', '2021-12-01 12:58:57'),
(148, 119, 5761916, 0, 4377774, 3589897649463603, 3589897649463603, 'Setor tunai', '2021-10-01 09:11:19', '2021-11-20 11:03:41'),
(149, 192, 5164485, 0, 7338484, 372056236512523, 372056236512523, 'Setor tunai', '2021-12-30 18:50:48', '2022-10-21 19:29:47'),
(150, 89, 0, 6498145, 2826580, 373405972297097, 3531516041221976, 'Pembayaran', '2022-06-21 21:36:47', '2022-05-12 23:51:53'),
(151, 34, 0, 2500964, 1095881, 56106369165533310, 5102411928970578, 'Pembayaran', '2022-03-25 18:41:50', '2022-01-09 14:27:58'),
(152, 38, 2691000, 0, 5317308, 4017951909400811, 4017951909400811, 'Setor tunai', '2021-08-28 02:25:49', '2021-09-03 20:52:56'),
(153, 118, 0, 6978312, 4908656, 3570864366109992, 3589897649463603, 'Pembayaran', '2022-08-21 02:07:01', '2022-08-08 18:33:51'),
(154, 136, 0, 7764889, 1800835, 3582851352618363, 3571428255343788, 'Pembayaran', '2022-01-16 17:08:14', '2021-08-03 12:49:52'),
(155, 152, 0, 9185224, 5029487, 6333775769240443, 3546770665616440, 'Pembayaran', '2021-07-22 04:57:54', '2022-06-29 15:18:46'),
(156, 141, 0, 5891733, 8903414, 3539385050072288, 5893188560990303, 'Pembayaran', '2022-01-14 21:14:59', '2021-10-13 21:52:44'),
(157, 107, 3807087, 0, 1287890, 3537722674391870, 3537722674391870, 'Setor tunai', '2022-02-21 05:13:12', '2022-06-29 00:24:59'),
(158, 3, 0, 6687862, 2681704, 3582924079942323, 3559689873617590, 'Pembayaran', '2021-07-13 12:30:20', '2021-10-11 08:31:26'),
(159, 101, 0, 2203710, 2714269, 6759889312156979114, 374622553107987, 'Pembayaran', '2022-07-23 12:48:51', '2021-07-01 08:57:23'),
(160, 115, 0, 8455123, 9516086, 3582797926278640, 5002359897776339, 'Pembayaran', '2021-10-24 06:26:41', '2021-12-25 12:59:55'),
(161, 189, 0, 7667175, 4522587, 67610516359422751, 6334366431846339937, 'Pembayaran', '2022-09-03 15:03:28', '2021-10-29 04:22:25'),
(162, 31, 186717, 0, 7545442, 5602234066334810, 5602234066334810, 'Setor tunai', '2021-08-17 05:00:31', '2021-12-01 15:57:32'),
(163, 79, 0, 3633240, 8055905, 3573003497709423, 3535607547774638, 'Pembayaran', '2021-11-11 03:44:09', '2022-04-02 10:40:31'),
(164, 155, 0, 8354335, 5106638, 3577061447191304, 3530970415951992, 'Pembayaran', '2022-07-01 18:55:23', '2022-01-02 20:12:23'),
(165, 184, 0, 5814582, 1365839, 3580250989302925, 3546453907680439, 'Pembayaran', '2022-10-13 04:46:36', '2021-09-29 23:31:58'),
(166, 192, 0, 4160970, 8224342, 372056236512523, 3539198684262443, 'Pembayaran', '2021-10-21 14:34:37', '2022-05-18 22:26:37'),
(167, 162, 0, 4182824, 9259448, 4405397596566680, 3550531702257603, 'Pembayaran', '2022-09-17 04:30:48', '2022-06-09 15:11:42'),
(168, 89, 0, 6083385, 3191937, 373405972297097, 3531516041221976, 'Pembayaran', '2022-01-24 23:39:26', '2021-10-13 16:42:05'),
(169, 133, 2587791, 0, 5948733, 5602258513023858, 5602258513023858, 'Setor tunai', '2022-08-16 07:06:31', '2022-05-05 05:06:09'),
(170, 103, 8720370, 0, 3927054, 5602210351955964, 5602210351955964, 'Setor tunai', '2021-10-30 15:34:57', '2021-08-09 11:29:40'),
(171, 102, 0, 7690917, 7176587, 374622553107987, 5602210351955964, 'Pembayaran', '2022-08-04 01:50:47', '2022-07-12 20:06:52'),
(172, 200, 0, 6200804, 5821664, 3577383497663176, 0, 'Pembayaran', '2022-04-16 23:14:11', '2022-07-12 22:15:29'),
(173, 62, 0, 5597582, 7069247, 3539293264269965, 3586672035809203, 'Pembayaran', '2021-08-30 21:26:08', '2022-02-01 21:14:24'),
(174, 186, 0, 7578436, 3175430, 3562457917708295, 5602216110377296822, 'Pembayaran', '2021-07-04 03:18:50', '2022-06-18 19:54:34'),
(175, 118, 0, 3724846, 4296184, 3570864366109992, 3589897649463603, 'Pembayaran', '2022-03-24 21:47:52', '2022-07-31 08:45:45'),
(176, 169, 0, 8998083, 4172359, 3576889078370255, 374283710763590, 'Pembayaran', '2021-10-24 23:56:53', '2021-07-16 19:53:20'),
(177, 136, 0, 8344832, 4457882, 3582851352618363, 3571428255343788, 'Pembayaran', '2022-03-03 07:51:37', '2021-12-06 16:28:38'),
(178, 29, 0, 2222745, 677239, 3539776420379538, 6333314193664947804, 'Pembayaran', '2022-02-24 23:15:31', '2022-07-06 23:25:57'),
(179, 89, 0, 9805230, 6298183, 373405972297097, 3531516041221976, 'Pembayaran', '2022-07-30 04:47:36', '2021-10-24 01:02:01'),
(180, 77, 0, 9533159, 3392033, 4917430926002935, 3584322556316020, 'Pembayaran', '2022-07-07 03:58:30', '2021-07-01 20:31:33'),
(181, 30, 0, 9346874, 9688853, 6333314193664947804, 5602234066334810, 'Pembayaran', '2022-03-09 07:42:31', '2021-12-27 23:54:46'),
(182, 27, 0, 3235123, 9346994, 5130667222851352, 3549921873756356, 'Pembayaran', '2022-01-30 15:47:01', '2022-07-10 16:37:29'),
(183, 19, 0, 4278580, 1021749, 3561070953372420, 3559305526642667, 'Pembayaran', '2021-10-18 10:13:48', '2021-12-06 13:43:31'),
(184, 1, 0, 5007595, 4145944, 5602242014592959, 4936764319810349, 'Pembayaran', '2022-08-08 17:50:02', '2021-08-26 02:57:18'),
(185, 32, 0, 4209442, 9810885, 201589515899077, 5010125251482180, 'Pembayaran', '2022-03-01 01:50:27', '2021-09-26 07:34:16'),
(186, 138, 3269802, 0, 1104400, 4911945607301808782, 4911945607301808782, 'Setor tunai', '2021-08-17 12:23:12', '2022-07-03 03:31:06'),
(187, 42, 0, 2608613, 6128869, 6709942850748224192, 6383173117063973, 'Pembayaran', '2021-12-30 14:16:13', '2021-08-03 19:51:13'),
(188, 197, 0, 1164230, 7498022, 502048842952497471, 5497167741997338, 'Pembayaran', '2021-12-23 19:52:29', '2022-09-26 19:18:15'),
(189, 68, 0, 4870675, 4297452, 5602257300196208, 201516186161636, 'Pembayaran', '2022-04-22 15:28:57', '2021-10-16 17:48:57'),
(190, 172, 0, 3477451, 4311444, 56022445525467273, 3562593136560826, 'Pembayaran', '2022-08-20 11:09:32', '2022-06-09 18:04:46'),
(191, 78, 0, 9147855, 6198033, 3584322556316020, 3573003497709423, 'Pembayaran', '2022-08-29 04:53:24', '2021-08-23 18:18:16'),
(192, 127, 0, 9448156, 3580159, 3528838595190109, 5602239011358194, 'Pembayaran', '2022-08-02 11:34:16', '2021-08-19 00:24:12'),
(193, 163, 0, 4899342, 6656356, 3550531702257603, 201756659556272, 'Pembayaran', '2022-10-19 16:02:08', '2021-10-03 09:56:50'),
(194, 136, 0, 5336097, 2324950, 3582851352618363, 3571428255343788, 'Pembayaran', '2021-12-20 03:45:39', '2021-11-11 16:33:14'),
(195, 81, 5068389, 0, 3515135, 3544217890884742, 3544217890884742, 'Setor tunai', '2021-08-25 08:28:49', '2021-08-25 04:11:34'),
(196, 83, 3677316, 0, 3968635, 201835067576369, 201835067576369, 'Setor tunai', '2021-07-18 13:15:41', '2021-12-29 23:42:48'),
(197, 25, 2977245, 0, 6907559, 3549305393021915, 3549305393021915, 'Setor tunai', '2022-06-20 07:33:32', '2021-09-30 03:08:30'),
(198, 123, 0, 6709903, 7640497, 374283361000359, 3579413881545941, 'Pembayaran', '2021-11-03 00:48:44', '2022-01-13 13:51:53'),
(199, 103, 0, 8536697, 7549798, 5602210351955964, 30225597353546, 'Pembayaran', '2021-08-24 22:28:35', '2022-07-02 23:38:59'),
(200, 164, 0, 9709734, 5708318, 201756659556272, 5048370447124033, 'Pembayaran', '2022-02-03 19:17:59', '2022-07-05 11:48:20'),
(201, 2, 0, 200000, 7233242, 4936764319810340, 3582924079942320, 'Transaksi pertama', '2022-11-26 05:39:28', '2022-11-26 05:39:28'),
(202, 3, 200000, 0, 2481704, 4936764319810340, 3582924079942320, 'Transaksi pertama', '2022-11-26 05:39:28', '2022-11-26 05:39:28');

-- --------------------------------------------------------

--
-- Table structure for table `users`
--

CREATE TABLE `users` (
  `id` bigint(20) UNSIGNED NOT NULL,
  `name` varchar(255) COLLATE utf8mb4_unicode_ci NOT NULL,
  `nik` bigint(20) NOT NULL,
  `tel` bigint(20) NOT NULL,
  `card` bigint(20) NOT NULL,
  `email` varchar(255) COLLATE utf8mb4_unicode_ci NOT NULL,
  `username` varchar(255) COLLATE utf8mb4_unicode_ci NOT NULL,
  `password` varchar(255) COLLATE utf8mb4_unicode_ci NOT NULL,
  `status` varchar(255) COLLATE utf8mb4_unicode_ci DEFAULT NULL,
  `created_at` timestamp NULL DEFAULT NULL,
  `updated_at` timestamp NULL DEFAULT NULL
) ENGINE=InnoDB DEFAULT CHARSET=utf8mb4 COLLATE=utf8mb4_unicode_ci;

--
-- Dumping data for table `users`
--

INSERT INTO `users` (`id`, `name`, `nik`, `tel`, `card`, `email`, `username`, `password`, `status`, `created_at`, `updated_at`) VALUES
(1, 'Findlay Piddletown', 43, 257, 5602242014592950, 'fpiddletown0@wufoo.com', 'fpiddletown0', '$2y$10$7Xg0.9gn.fHaW2xFjVOAseMB16l9c79zoLCWe4xnkZRR8dStXbwzy', 'verif', '0000-00-00 00:00:00', '0000-00-00 00:00:00'),
(2, 'Netty McGeneay', 33222323, 332, 4936764319810340, 'nmcgeneay1@moonfruit.com', 'nmcgeneay1', '$2y$10$bp4BNn1bG.ycX5Th5KhMK.eOnjaq7NXRBE95Wg1hVDl98M4q1jX1e', 'verif', '0000-00-00 00:00:00', '2022-11-26 02:03:04'),
(3, 'Dino Musgrave', 46, 154, 3582924079942320, 'dmusgrave2@bbc.co.uk', 'dmusgrave2', '$2y$10$2fFY9Va6sEIEEW9YiAx9xe6yoS2Wj1apxmxausOCpDr2QFFHmyRCm', 'verif', '0000-00-00 00:00:00', '0000-00-00 00:00:00'),
(4, 'Veda Spieck', 34, 497, 3559689873617590, 'vspieck3@bbb.org', 'vspieck3', '$2y$10$q3LQJl7VQk.WO8vEmbnTkunU/kuSAP0vTmnQJKKJj/5khTEz41nZC', 'verif', '0000-00-00 00:00:00', '0000-00-00 00:00:00'),
(5, 'Tiphani Tuson', 54, 813, 3557945809967090, 'ttuson4@time.com', 'ttuson4', '$2y$10$ZiFck8XjOTyBxNtfvaWpju9onbnUOG9qZoIrt.ednpeAYTosZcvQO', 'verif', '0000-00-00 00:00:00', '0000-00-00 00:00:00'),
(6, 'Pat Scholl', 27, 206, 5313994581960110, 'pscholl5@google.com.hk', 'pscholl5', '$2y$10$ez59ydz3M0vzKyoLLTqeruTfqgdWLF1XN0cExpCoOpv.9SxKrMQ.O', 'verif', '0000-00-00 00:00:00', '0000-00-00 00:00:00'),
(7, 'Jarred Saby', 88, 562, 3540709086628890, 'jsaby6@lulu.com', 'jsaby6', '$2y$10$Gm1RfhF0d0JehDnAb5K6v.n/Wf3n6RWzoPMPQdmnO2mWdVxvozDPS', 'verif', '0000-00-00 00:00:00', '0000-00-00 00:00:00'),
(8, 'Olivier Bodker', 40, 311, 5602254184919110, 'obodker7@dmoz.org', 'obodker7', '$2y$10$CX59j/Y9fi9ZviEnU3HsSuo8iPRYjTDt9QkAmnp2kXLKXa8rMbUmy', 'verif', '0000-00-00 00:00:00', '0000-00-00 00:00:00'),
(9, 'Roch Piwell', 76, 693, 4936565612941850, 'rpiwell8@csmonitor.com', 'rpiwell8', '$2y$10$bfJffCbH0ouVlK7aIeBXdez4l8lpf4jcCnFtvqXIamqeZ6bDlOkjW', 'verif', '0000-00-00 00:00:00', '0000-00-00 00:00:00'),
(10, 'Hermia McEvay', 23, 568, 3560396015673160, 'hmcevay9@reference.com', 'hmcevay9', '$2y$10$YeNRnZACfxFwUHV92eUCeOnY8Eb0iKQqUqJDw99P9Vg2zqw.kvW2y', 'verif', '0000-00-00 00:00:00', '0000-00-00 00:00:00'),
(11, 'Kaspar Pouton', 89, 359, 3542724647036940, 'kpoutona@umn.edu', 'kpoutona', '$2y$10$raJZvA/yTChxSqeGcASgju3j9aWKja/7XpQ2hiwqyvA.cIdQdydSO', 'verif', '0000-00-00 00:00:00', '0000-00-00 00:00:00'),
(12, 'Avrom Schneidar', 72, 875, 3557948001247860, 'aschneidarb@google.com.hk', 'aschneidarb', '$2y$10$lny/Ld532PyzkJGAAJUpYOzJhFJ8Nh3yhPZ39ARD.Dudb./yYWGdS', 'verif', '0000-00-00 00:00:00', '0000-00-00 00:00:00'),
(13, 'Guendolen Clackers', 42, 245, 5100170688773800, 'gclackersc@wordpress.com', 'gclackersc', '$2y$10$mgrm.WCqQUzyQwOqCmDt8O4Sn9i0VXeuZzvBimcEqq0JQoSF7ntDu', 'verif', '0000-00-00 00:00:00', '0000-00-00 00:00:00'),
(14, 'Melantha Skyrme', 20, 507, 3548482883197850, 'mskyrmed@loc.gov', 'mskyrmed', '$2y$10$b0vfqYYm5BqisFRWQdsbv.bXuFo1wj1facSAxnOy061lo9fD0ptmi', 'verif', '0000-00-00 00:00:00', '0000-00-00 00:00:00'),
(15, 'Stesha McLauchlin', 54, 575, 5610360038324700000, 'smclauchline@toplist.cz', 'smclauchline', '$2y$10$f34NaSs0J.bRaxACz.jdLuRhLNZ6b7Y5vrFs6tS/8zVIZpTo2QK4q', 'verif', '0000-00-00 00:00:00', '0000-00-00 00:00:00'),
(16, 'Araldo Gellately', 26, 333, 670967474137850000, 'agellatelyf@joomla.org', 'agellatelyf', '$2y$10$ekkELvt.FLw1lTUPqKAs0OhWyRMXA2DCbTtDtL27ryi7/tFOBEl.6', 'verif', '0000-00-00 00:00:00', '0000-00-00 00:00:00'),
(17, 'Guglielma Pilmoor', 15, 962, 5100146704792830, 'gpilmoorg@pen.io', 'gpilmoorg', '$2y$10$wmRjSymfbnfLqSUX9AgajeQEe9XE5FKbf8dx.dab9tnukoB6.zFyS', 'verif', '0000-00-00 00:00:00', '0000-00-00 00:00:00'),
(18, 'Constantia Alsford', 37, 851, 3560322106092770, 'calsfordh@yellowbook.com', 'calsfordh', '$2y$10$KnP52.HfOk9Yln6iJ8to/O.g2mZkOCwrZVz7TQoN6vPe58ut3JK2y', 'verif', '0000-00-00 00:00:00', '0000-00-00 00:00:00'),
(19, 'Pascal Mountstephen', 74, 427, 3561070953372420, 'pmountstepheni@telegraph.co.uk', 'pmountstepheni', '$2y$10$M19dJ1tBjdKpR.PBlUgNV.yRAaelhK6LztfTWjzoJWtO1LBXA17vm', 'verif', '0000-00-00 00:00:00', '0000-00-00 00:00:00'),
(20, 'Candis Terbrug', 57, 393, 3559305526642660, 'cterbrugj@t-online.de', 'cterbrugj', '$2y$10$DL/4OFahXNY9vRqUXwzP/uerN.9.kGMPYGuEAGAfszOVgOX5iy4R2', 'verif', '0000-00-00 00:00:00', '0000-00-00 00:00:00'),
(21, 'Jules Rappa', 84, 261, 6334171412640700000, 'jrappak@digg.com', 'jrappak', '$2y$10$bs9AzUbNdMNf4u2gv9pU5eKSoxXCC0HB9mVjWOm.YstdmSsTATRNa', 'verif', '0000-00-00 00:00:00', '0000-00-00 00:00:00'),
(22, 'Lenna Nuemann', 89, 513, 3538557265731790, 'lnuemannl@spotify.com', 'lnuemannl', '$2y$10$NQj50OB3znbDPtWoml6jue3oQQD6ZuilZgEYFBhx9Kfy0O4UaX.6.', 'verif', '0000-00-00 00:00:00', '0000-00-00 00:00:00'),
(23, 'Lacey Raiman', 92, 889, 3544220353786170, 'lraimanm@jimdo.com', 'lraimanm', '$2y$10$9Hp7q/euDshs0xEYbvX9Juwgm6c8q0/XyL0EQokfyZ/wZpGYBCkoK', 'verif', '0000-00-00 00:00:00', '0000-00-00 00:00:00'),
(24, 'Paton Zanetti', 60, 175, 5007668096837390, 'pzanettin@gnu.org', 'pzanettin', '$2y$10$NWnQbhRGVAQB5ZifgAjZ4.F7oh6eFgG4jkEXgLp6dWs5ACCMa.PXy', 'verif', '0000-00-00 00:00:00', '0000-00-00 00:00:00'),
(25, 'Bertram Swinley', 51, 444, 3549305393021910, 'bswinleyo@deviantart.com', 'bswinleyo', '$2y$10$7q7EQsYd7oYBvUBctRLPousk6pNzdbXmlgmg0kWJiFLCMhRErbzlq', 'verif', '0000-00-00 00:00:00', '0000-00-00 00:00:00'),
(26, 'Scott Airds', 75, 678, 6044287802970170, 'sairdsp@ihg.com', 'sairdsp', '$2y$10$E.7kBvnKDJuSNDF7Y5lTkuys9LHygfDhfmu8LzDfaZO8Q0Wr2T7hO', 'verif', '0000-00-00 00:00:00', '0000-00-00 00:00:00'),
(27, 'Bronnie Camillo', 45, 669, 5130667222851350, 'bcamilloq@bloomberg.com', 'bcamilloq', '$2y$10$dtjqzqMwxedZ3/4Tus7EQ.3AaN8ECjkLBEz36/OEWlNNjyLWzCsZW', 'verif', '0000-00-00 00:00:00', '0000-00-00 00:00:00'),
(28, 'Florencia Jagg', 83, 657, 3549921873756350, 'fjaggr@globo.com', 'fjaggr', '$2y$10$2/29ofmGZ1BBcBE9aNFlH.L6J08ZbLiEiGokb4u8Kuf6C2ZTdus.K', 'verif', '0000-00-00 00:00:00', '0000-00-00 00:00:00'),
(29, 'Lilah Rattenbury', 31, 649, 3539776420379530, 'lrattenburys@sciencedirect.com', 'lrattenburys', '$2y$10$Sb7b/w6EOZfSFbfz6ehRrumKGwh99po4vYgJa2sIMtGgWqo70FiaC', 'verif', '0000-00-00 00:00:00', '0000-00-00 00:00:00'),
(30, 'Steffi Kondratenko', 63, 357, 6333314193664900000, 'skondratenkot@yellowbook.com', 'skondratenkot', '$2y$10$5QrASmr0MFTG.ixlMQMUL.kfn6N5czRp4raT/BYJd5CFGnfvgPSYe', 'verif', '0000-00-00 00:00:00', '0000-00-00 00:00:00'),
(31, 'Daven Jaegar', 15, 367, 5602234066334810, 'djaegaru@deliciousdays.com', 'djaegaru', '$2y$10$dvc8Cd8/YUAEbuiYEipF1euhBOKs8srBjT8Xnh2x86eUFApw3hl22', 'verif', '0000-00-00 00:00:00', '0000-00-00 00:00:00'),
(32, 'Brien Chadney', 44, 110, 201589515899077, 'bchadneyv@theatlantic.com', 'bchadneyv', '$2y$10$tyQQjWdGLFM8cXrN9ueAzOhwhUam/3091kcfQHSOl1iRR3tzuuG9O', 'verif', '0000-00-00 00:00:00', '0000-00-00 00:00:00'),
(33, 'Nicoli Robilart', 70, 914, 5010125251482180, 'nrobilartw@imdb.com', 'nrobilartw', '$2y$10$JQtdMsqDCHWLsCUqqXc7D.a87Xq77q7WKBKRieMt82bKXGPFI39Ym', 'verif', '0000-00-00 00:00:00', '0000-00-00 00:00:00'),
(34, 'Doll Medd', 37, 181, 56106369165533000, 'dmeddx@mlb.com', 'dmeddx', '$2y$10$mQCUerJvEQtg/u70McRZbu.hDwSRP1BQyV.kNbE9FGqKXSjr1Sp3W', 'verif', '0000-00-00 00:00:00', '0000-00-00 00:00:00'),
(35, 'Rafaello Frizzell', 27, 548, 5102411928970570, 'rfrizzelly@narod.ru', 'rfrizzelly', '$2y$10$G4RAWvyYozh0xG.2s/Z3t.pUQKW5eCDNn7ff8GHEX19Ia4MRuf.1m', 'verif', '0000-00-00 00:00:00', '0000-00-00 00:00:00'),
(36, 'Camel Luchetti', 71, 219, 3572550444180750, 'cluchettiz@blogger.com', 'cluchettiz', '$2y$10$wr.LlKZPLG/DvtTQF3u3deZ5mzzRqAg4SR/aGxIq9Ouwy4o33OImy', 'verif', '0000-00-00 00:00:00', '0000-00-00 00:00:00'),
(37, 'Perla Thomsen', 60, 463, 676100689865870000, 'pthomsen10@eventbrite.com', 'pthomsen10', '$2y$10$qbEp.NTQotkywSA27Zh2m.e6XkcOtx08/w1Bs/8GgvO8R9smWbApK', 'verif', '0000-00-00 00:00:00', '0000-00-00 00:00:00'),
(38, 'August Choupin', 67, 492, 4017951909400810, 'achoupin11@buzzfeed.com', 'achoupin11', '$2y$10$KV2ZBiaOTbgbiFVDbUAHjuaREusgkvHEk1RcbZn4TfZU9h/rvQzAu', 'verif', '0000-00-00 00:00:00', '0000-00-00 00:00:00'),
(39, 'Erinn Symcock', 37, 272, 3531862244025250, 'esymcock12@rakuten.co.jp', 'esymcock12', '$2y$10$Emfwk.FwoaiBlN2gh0.ZluVSe4BtGQQmh9iM1ohNFgRktnzHPWgfG', 'verif', '0000-00-00 00:00:00', '0000-00-00 00:00:00'),
(40, 'Fleming Denniston', 76, 422, 5602256580831840, 'fdenniston13@google.com.au', 'fdenniston13', '$2y$10$D1CY5XaPt12aNYdqiocdiucdBdOpMe7F.SHh3uQG5ZoZWA0/7Ytwm', 'verif', '0000-00-00 00:00:00', '0000-00-00 00:00:00'),
(41, 'Myrah Graalmans', 28, 248, 5602242943960200000, 'mgraalmans14@cornell.edu', 'mgraalmans14', '$2y$10$xi7DbLx71J4qFRbC14ITZuslA0wgSP9anygYJyfpLc8iPK52jAs7e', 'verif', '0000-00-00 00:00:00', '0000-00-00 00:00:00'),
(42, 'Timotheus Jilliss', 26, 468, 6709942850748200000, 'tjilliss15@domainmarket.com', 'tjilliss15', '$2y$10$44mIKzYCdbLXM84dwkPHLu.REd8vTnATZStOzR0X6ZQfeGZOkyp0y', 'verif', '0000-00-00 00:00:00', '0000-00-00 00:00:00'),
(43, 'Ezri Armstrong', 32, 697, 6383173117063970, 'earmstrong16@hud.gov', 'earmstrong16', '$2y$10$dAr3jjMJ/Lshk5fqKKGQFOuwVLu.WAe3J7ua2uNNxYGHKiZEw1IBa', 'verif', '0000-00-00 00:00:00', '0000-00-00 00:00:00'),
(44, 'Joya Etchingham', 37, 337, 67094367942077000, 'jetchingham17@hc360.com', 'jetchingham17', '$2y$10$byXQrlS4QhPVWFesy9ObbelD.etTq7VAsPXuU2JRUNzzXnskd3VBy', 'verif', '0000-00-00 00:00:00', '0000-00-00 00:00:00'),
(45, 'Darsey De Freyne', 99, 115, 3535774079447750, 'dde18@ca.gov', 'dde18', '$2y$10$6AJbYHdFupEq7jQSIJhae.hf7wZvV1m7oQ7MydGF0rfjEIUDZayXW', 'verif', '0000-00-00 00:00:00', '0000-00-00 00:00:00'),
(46, 'Delcine Conws', 9, 286, 6043991036474120, 'dconws19@histats.com', 'dconws19', '$2y$10$HUkn7k7aryjdYN4hQObcYu8UJ7LNdklw8hkm96.NQ08xmjBRYxsa2', 'verif', '0000-00-00 00:00:00', '0000-00-00 00:00:00'),
(47, 'Bettine Tumayan', 59, 414, 3584823397949920, 'btumayan1a@bing.com', 'btumayan1a', '$2y$10$Hhf70YGKdUPcJ0bpfgAbW.NuvCSzWZRqVCuYxMHp5WSDnsKyi7rFK', 'verif', '0000-00-00 00:00:00', '0000-00-00 00:00:00'),
(48, 'Smith Santino', 35, 503, 30365093930924, 'ssantino1b@comsenz.com', 'ssantino1b', '$2y$10$ngutsrUGbjGWg7.po5l3M.0phL9Gr9.sxFrdIoMBsik91uCpE4C/i', 'verif', '0000-00-00 00:00:00', '0000-00-00 00:00:00'),
(49, 'Elli Alfonsini', 40, 106, 6398019259430770, 'ealfonsini1c@dagondesign.com', 'ealfonsini1c', '$2y$10$SysnvaOIFcWKPuqrXzFi5Ok/MwHEsb3FrdVWfzkuGrPRBW4Q6M8ca', 'verif', '0000-00-00 00:00:00', '0000-00-00 00:00:00'),
(50, 'Colet Von Hindenburg', 13, 165, 4405586772435150, 'cvon1d@google.nl', 'cvon1d', '$2y$10$Yzq1H/87NSoJ8lV1KCNYOeu9lumXZO2anyeONw.DegYOyLxz.iRvq', 'verif', '0000-00-00 00:00:00', '0000-00-00 00:00:00'),
(51, 'Orazio Aspinwall', 25, 218, 4903505921641800000, 'oaspinwall1e@ifeng.com', 'oaspinwall1e', '$2y$10$fbhLDfQkolmydOPdZfGzxu6mbNa/pRKmjpHvRZS9EwG1sE6CMezEG', 'verif', '0000-00-00 00:00:00', '0000-00-00 00:00:00'),
(52, 'Godiva Varnam', 42, 841, 67096890982640000, 'gvarnam1f@tamu.edu', 'gvarnam1f', '$2y$10$c9YbSIqkcl7VX2QlW7IDJeKeBdH/pEXzm8VldjdPkoEZV0qvfZ0nm', 'verif', '0000-00-00 00:00:00', '0000-00-00 00:00:00'),
(53, 'Ned Hylden', 18, 136, 6761632587040630, 'nhylden1g@miitbeian.gov.cn', 'nhylden1g', '$2y$10$t0SN9uLcbJ6nw4uF//NkMOTqmBu2mxPLTTjbcxV9PXaIOlLPjOruu', 'verif', '0000-00-00 00:00:00', '0000-00-00 00:00:00'),
(54, 'Ozzie Castagne', 6, 203, 3531952747586610, 'ocastagne1h@wired.com', 'ocastagne1h', '$2y$10$BsLOMQYIhcyZy8LeVYiK.eO/hbhNF8dyRt.XP3QWmR2bKIot3shKa', 'verif', '0000-00-00 00:00:00', '0000-00-00 00:00:00'),
(55, 'Saudra Gready', 13, 721, 3539862539453170, 'sgready1i@miibeian.gov.cn', 'sgready1i', '$2y$10$CYmSMWxdNWszRqlTDgPG4.VPtGbnkvGJEtP5q84kBuC6GJv3mChOG', 'verif', '0000-00-00 00:00:00', '0000-00-00 00:00:00'),
(56, 'Rosabelle Tinkham', 65, 965, 6304313766156000000, 'rtinkham1j@squidoo.com', 'rtinkham1j', '$2y$10$e2hd4oQnXjB.wBhFXTxlfu8ORL/4WjLIyVhVx2IwEw6..B7N4K3S6', 'verif', '0000-00-00 00:00:00', '0000-00-00 00:00:00'),
(57, 'Vinnie Darque', 20, 195, 4026601808096590, 'vdarque1k@google.com.br', 'vdarque1k', '$2y$10$tv9jVssf5pe2Hu9fX23jQeVMBUMKIqIUR3NXFE6ENbLxM8CNq6ikC', 'verif', '0000-00-00 00:00:00', '0000-00-00 00:00:00'),
(58, 'Nataniel Sawart', 13, 507, 3568031591463440, 'nsawart1l@utexas.edu', 'nsawart1l', '$2y$10$QkjsJhkOry9D/ZHzaTNMpOOGgvrr71p1zIvabrbXaVamGjNXLyMRi', 'verif', '0000-00-00 00:00:00', '0000-00-00 00:00:00'),
(59, 'Ericka Cargo', 50, 150, 3558997930629950, 'ecargo1m@blinklist.com', 'ecargo1m', '$2y$10$YiCzL0pfQPIinbgwKsIpLOq0hdlE7YiSbayPilJCkOJNAAt.n.uzK', 'verif', '0000-00-00 00:00:00', '0000-00-00 00:00:00'),
(60, 'Kelci Duddle', 41, 752, 5284681382498560, 'kduddle1n@smh.com.au', 'kduddle1n', '$2y$10$STRguQzY2pV/yxMZO5PZ7.tXkj/b/wVeX19yxOypKvoGDvqd.tKii', 'verif', '0000-00-00 00:00:00', '0000-00-00 00:00:00'),
(61, 'Martyn Moehle', 16, 864, 6045990900640250, 'mmoehle1o@howstuffworks.com', 'mmoehle1o', '$2y$10$4XM5mkI6freg.qDqvzXLy.uObRTOazIOwP3NMBpIt.XWntWmZbiXK', 'verif', '0000-00-00 00:00:00', '0000-00-00 00:00:00'),
(62, 'Ezekiel Mulmuray', 61, 525, 3539293264269960, 'emulmuray1p@4shared.com', 'emulmuray1p', '$2y$10$3zGsBxOIACPjgKcsuW8WGOtFJi2lyBdCRf3ERZ3I19euqgDhjbCy6', 'verif', '0000-00-00 00:00:00', '0000-00-00 00:00:00'),
(63, 'Bettye Imloch', 91, 834, 3586672035809200, 'bimloch1q@goo.gl', 'bimloch1q', '$2y$10$sDhsjlNDRFjpgyF9uMTqFO3IdBVdRHAPIdULjKLQeUV0x0J4Mxua6', 'verif', '0000-00-00 00:00:00', '0000-00-00 00:00:00'),
(64, 'Jenny Swash', 80, 950, 201932266481457, 'jswash1r@arizona.edu', 'jswash1r', '$2y$10$QydNOMBTPZK7r3QhUO5eTuXKPIMWX9kQlgzCsL2R9KO.frPZItpBW', 'verif', '0000-00-00 00:00:00', '0000-00-00 00:00:00'),
(65, 'Alfreda Duffan', 18, 788, 3528962460623680, 'aduffan1s@youtu.be', 'aduffan1s', '$2y$10$kG.GonpATnJprVx8cMCX4enyb.LugqDmSyQyWow3n6JX7i13S4CB2', 'verif', '0000-00-00 00:00:00', '0000-00-00 00:00:00'),
(66, 'Norrie Pietrzak', 74, 707, 3533492357963050, 'npietrzak1t@google.cn', 'npietrzak1t', '$2y$10$Q0GlUlHKA/u6cR8kmV/M9uHRfW.HRNdLVCKYfFcT2p9a2Cqo1ZVFi', 'verif', '0000-00-00 00:00:00', '0000-00-00 00:00:00'),
(67, 'Karine Adamski', 47, 231, 5018791362073470, 'kadamski1u@booking.com', 'kadamski1u', '$2y$10$TzBTg.LYLdtCwg26.jVlnObWqwzG3HTgNyNMf4/V8KM5f/a1gSlRG', 'verif', '0000-00-00 00:00:00', '0000-00-00 00:00:00'),
(68, 'Jayme Mc Dermid', 40, 479, 5602257300196200, 'jmc1v@squidoo.com', 'jmc1v', '$2y$10$XUp4Uqt9glcpWr4znoQNHOKafM3Nb6iXXp1rJCw4fMflTuQM/v.FG', 'verif', '0000-00-00 00:00:00', '0000-00-00 00:00:00'),
(69, 'Arlen Stoner', 50, 409, 201516186161636, 'astoner1w@bigcartel.com', 'astoner1w', '$2y$10$6bdCtAbjTt7Akvebz1ocuu30YRj2PPvVt07vZHf0cFq1JiBReJQ.O', 'verif', '0000-00-00 00:00:00', '0000-00-00 00:00:00'),
(70, 'Ibby Goymer', 26, 506, 3529817199143380, 'igoymer1x@unicef.org', 'igoymer1x', '$2y$10$C2sAS6hFXRY2K093NU3s2.osd7Z2PdGNWdlmPccNjT6xbM7vqREm.', 'verif', '0000-00-00 00:00:00', '0000-00-00 00:00:00'),
(71, 'Felecia Mintoff', 38, 312, 502091315527250000, 'fmintoff1y@fema.gov', 'fmintoff1y', '$2y$10$HE/A61KKPzYItZgLQqjbDOWDpyMElNcUBIGvOkTWT1bMlVBMGT/we', 'verif', '0000-00-00 00:00:00', '0000-00-00 00:00:00'),
(72, 'Frannie Stuchburie', 37, 783, 3532383400808150, 'fstuchburie1z@wisc.edu', 'fstuchburie1z', '$2y$10$Koij5vPeGFsk9Mp4MMea9Oy9PaJfK1265oaVAy6WoHk7jBeuTa3Ou', 'verif', '0000-00-00 00:00:00', '0000-00-00 00:00:00'),
(73, 'Nelly Joyner', 49, 542, 3529324438114840, 'njoyner20@furl.net', 'njoyner20', '$2y$10$UTMOYgXT.AkJdnswWMzNSeLHb8J/xEprbeHXfnXiHhVeDijHaFJqy', 'verif', '0000-00-00 00:00:00', '0000-00-00 00:00:00'),
(74, 'Doe Splaven', 70, 472, 5048372011049680, 'dsplaven21@purevolume.com', 'dsplaven21', '$2y$10$VEdDxkxhY2nzMzTAfB1ApehtNp2m8hlEKv4VsCQn02oVDvpQ/E6mW', 'verif', '0000-00-00 00:00:00', '0000-00-00 00:00:00'),
(75, 'Jonas Jaime', 60, 357, 370996539640061, 'jjaime22@meetup.com', 'jjaime22', '$2y$10$B7QSmJhekU4cpGi99SVMAOO5Kq2BwUxOizTnNcSndYY0uJ6v8Zk.W', 'verif', '0000-00-00 00:00:00', '0000-00-00 00:00:00'),
(76, 'Agnella Djuricic', 65, 630, 3582785844115880, 'adjuricic23@boston.com', 'adjuricic23', '$2y$10$bsDJUvU/KLsSTKkwllbUfu5qILXPfCDt00tjeRSLFJ9WYvToYEDOK', 'verif', '0000-00-00 00:00:00', '0000-00-00 00:00:00'),
(77, 'Christiano Munt', 92, 979, 4917430926002930, 'cmunt24@statcounter.com', 'cmunt24', '$2y$10$YJToa2WJLQaCV2c7kx4u8O4yiymmqgeO97dSLGKrl/9K4xVvLE7c2', 'verif', '0000-00-00 00:00:00', '0000-00-00 00:00:00'),
(78, 'August O\' Cloney', 43, 974, 3584322556316020, 'ao25@fc2.com', 'ao25', '$2y$10$T2DuGD/mVhQaLxKa7ToWOOVbqaoJmsP8.0F7HnlOdBL1/cVhcCnXC', 'verif', '0000-00-00 00:00:00', '0000-00-00 00:00:00'),
(79, 'Theadora Burndred', 43, 364, 3573003497709420, 'tburndred26@utexas.edu', 'tburndred26', '$2y$10$pdp8FNRc4IN4KY7YqoNlgeYhJgl5SJ9vHIZ71c89hXUTflT2Lw7KK', 'verif', '0000-00-00 00:00:00', '0000-00-00 00:00:00'),
(80, 'Artemus Haly', 87, 781, 3535607547774630, 'ahaly27@printfriendly.com', 'ahaly27', '$2y$10$x5EK9fSdkuOP0RGuZjNyqu49hzKPArkUVdhvxc/LtalwC3kYvli8C', 'verif', '0000-00-00 00:00:00', '0000-00-00 00:00:00'),
(81, 'Geoffrey Dibsdale', 86, 501, 3544217890884740, 'gdibsdale28@infoseek.co.jp', 'gdibsdale28', '$2y$10$dE/HwxEzh4SSZ8bJX5IZe.bfUb/IT0CRVyiJjdfbbWiQuBxYCry0m', 'verif', '0000-00-00 00:00:00', '0000-00-00 00:00:00'),
(82, 'Gayler Janoch', 86, 717, 5893493007408260, 'gjanoch29@is.gd', 'gjanoch29', '$2y$10$uSqNMDEs1Wg2wd4ofkawY.ndDdlNKkBhVcU/DGidWto0XwHoUe.JG', 'verif', '0000-00-00 00:00:00', '0000-00-00 00:00:00'),
(83, 'Erinn Bulford', 17, 436, 201835067576369, 'ebulford2a@unicef.org', 'ebulford2a', '$2y$10$LLlMa1lSoGoX9UwHYAMhLu0rbx0DrIA9amJuIwQJFPc7p001RPmfy', 'verif', '0000-00-00 00:00:00', '0000-00-00 00:00:00'),
(84, 'Dimitri Metham', 41, 904, 3531581761443580, 'dmetham2b@google.co.jp', 'dmetham2b', '$2y$10$Com1JRz7rxf7mhpGh6vK9.Lc7l1cpUZyXY8PCcFpjDlClunx9pjsu', 'verif', '0000-00-00 00:00:00', '0000-00-00 00:00:00'),
(85, 'Carmelita Boame', 48, 890, 4905406009152500000, 'cboame2c@chronoengine.com', 'cboame2c', '$2y$10$0EpnRLr7cGiPo3aiMWVAeO9GF8nHwF9k87LEQ6Sgaeld/K9w4d/je', 'verif', '0000-00-00 00:00:00', '0000-00-00 00:00:00'),
(86, 'Caryl Astill', 57, 362, 633409415535900000, 'castill2d@harvard.edu', 'castill2d', '$2y$10$lkVanv1o6c.g8GJcC3b05.1nj4hh7F.a3zBo.BNB2D07.mUiVKA8O', 'verif', '0000-00-00 00:00:00', '0000-00-00 00:00:00'),
(87, 'Elianora Imm', 87, 612, 50389242095181000, 'eimm2e@google.com.br', 'eimm2e', '$2y$10$kftvVPWk1.qMTacEGRe3Je9qpsPGyvCyLOqK41sFa6x5SYbrFahqS', 'verif', '0000-00-00 00:00:00', '0000-00-00 00:00:00'),
(88, 'Pegeen De Freyne', 82, 261, 341085734314122, 'pde2f@bbc.co.uk', 'pde2f', '$2y$10$OVqN.YdigQ85JJIsbhFOweLnbbRCyE6tC1Vjum9U1j2sJch9JnRWS', 'verif', '0000-00-00 00:00:00', '0000-00-00 00:00:00'),
(89, 'Riley Djurisic', 64, 772, 373405972297097, 'rdjurisic2g@walmart.com', 'rdjurisic2g', '$2y$10$FQQxxakoSqAdh9RzXtvm.ul0WwXWcF5VTlszaSgRayq.KYKKvbNbu', 'verif', '0000-00-00 00:00:00', '0000-00-00 00:00:00'),
(90, 'Shandee Bloomer', 42, 900, 3531516041221970, 'sbloomer2h@squarespace.com', 'sbloomer2h', '$2y$10$ojLUxFR9WI5Y0cN8zZr8Sel7DdtNF1X4wiDwEjDvGdZKT7pRBVKSW', 'verif', '0000-00-00 00:00:00', '0000-00-00 00:00:00'),
(91, 'Hamid Woodroof', 48, 177, 676728440959590000, 'hwoodroof2i@phoca.cz', 'hwoodroof2i', '$2y$10$U6F416/hG4qKIpMgQLoEOeD6kpHhTKvg.rris3VDCQRaTbbzdJzta', 'verif', '0000-00-00 00:00:00', '0000-00-00 00:00:00'),
(92, 'Eric Mazonowicz', 34, 700, 3544465897218680, 'emazonowicz2j@scribd.com', 'emazonowicz2j', '$2y$10$ttYGlWBb6i4RvUO1dY3OCu2SAZgs2JKKcfyvlGIl3cz9SuDcKlmuS', 'verif', '0000-00-00 00:00:00', '0000-00-00 00:00:00'),
(93, 'Aida Pareman', 18, 203, 63048848225776000, 'apareman2k@diigo.com', 'apareman2k', '$2y$10$uuRvcFQco8tPqS/tFvVr2OG7HIdP/LOjz0hKOpHzbMccVFCuR92dK', 'verif', '0000-00-00 00:00:00', '0000-00-00 00:00:00'),
(94, 'Marieann Whacket', 57, 789, 5893914929937240, 'mwhacket2l@shop-pro.jp', 'mwhacket2l', '$2y$10$6ZsdL0uOtHsc/jKZZRzfEe6Oo4dYb9jGdDxEshBn9IYFwE4Vhou/y', 'verif', '0000-00-00 00:00:00', '0000-00-00 00:00:00'),
(95, 'Anabelle Bownas', 43, 450, 3589800611739650, 'abownas2m@elpais.com', 'abownas2m', '$2y$10$Yk.IIb9IoHw2zuIQyxgch.zv78sj8UA8vpeogslQfDPHvIEeUnucu', 'verif', '0000-00-00 00:00:00', '0000-00-00 00:00:00'),
(96, 'Verna Janodet', 8, 110, 5229347195826790, 'vjanodet2n@dell.com', 'vjanodet2n', '$2y$10$AVWLTFWiOfCKuKT6CIGv1Ole.Q10UT2pT6Pj.jLgObXprtAPDoTDK', 'verif', '0000-00-00 00:00:00', '0000-00-00 00:00:00'),
(97, 'Calla Bryett', 7, 641, 3545374518528410, 'cbryett2o@indiegogo.com', 'cbryett2o', '$2y$10$CaBLznPVB3WJwSiSpT3H3.aOzmxUZlo9uuPSTdRd0m7coZpeuLg92', 'verif', '0000-00-00 00:00:00', '0000-00-00 00:00:00'),
(98, 'Murial Satterlee', 32, 746, 3530941430613130, 'msatterlee2p@wisc.edu', 'msatterlee2p', '$2y$10$KjtPNCYlsuwKeboQft1igOaOZMxYhxpsOHpk9oOXfZtpTzGwVvngG', 'verif', '0000-00-00 00:00:00', '0000-00-00 00:00:00'),
(99, 'Serge Cherrington', 13, 867, 4017955611861120, 'scherrington2q@technorati.com', 'scherrington2q', '$2y$10$JJ1MjbLuooLeoqfcmAT.POJ83cYVR0Q4JbWcgHEBSeJOfioCuQJnG', 'verif', '0000-00-00 00:00:00', '0000-00-00 00:00:00'),
(100, 'Cynthea Van Eeden', 35, 211, 4041377278700, 'cvan2r@barnesandnoble.com', 'cvan2r', '$2y$10$8AN/b4F0qOtJhCEDuXzKW.D39EbWSnqKtnCgj76dukx1lNgNGjgJ2', 'verif', '0000-00-00 00:00:00', '0000-00-00 00:00:00'),
(101, 'Whitney Bartlomiejczyk', 39, 326, 6759889312157000000, 'wbartlomiejczyk2s@webs.com', 'wbartlomiejczyk2s', '$2y$10$YbVMgMeTWyW6qo75CQo1yebksZfcRBT5.8QtJSE.aAROYFQrLE6.W', 'verif', '0000-00-00 00:00:00', '0000-00-00 00:00:00'),
(102, 'Shaughn Lawranson', 22, 282, 374622553107987, 'slawranson2t@seesaa.net', 'slawranson2t', '$2y$10$qzkEblxiQHqgO5OYLy8Tj.QBhJPukgIbRCrY.N262shdNKZsyCHta', 'verif', '0000-00-00 00:00:00', '0000-00-00 00:00:00'),
(103, 'Hervey Izhaky', 33, 642, 5602210351955960, 'hizhaky2u@vinaora.com', 'hizhaky2u', '$2y$10$P4QMO5OGuDH3ygTbZdiwSeFggVBM4NqDpiIDJBSxTb/gfrLf1Zm/2', 'verif', '0000-00-00 00:00:00', '0000-00-00 00:00:00'),
(104, 'Valma Anthoin', 51, 654, 30225597353546, 'vanthoin2v@exblog.jp', 'vanthoin2v', '$2y$10$VKZaiNPfAW1kE/LOBCVzfeoIJTd25iclxMFeArYHBx/QoaGVKTxj6', 'verif', '0000-00-00 00:00:00', '0000-00-00 00:00:00'),
(105, 'Hamlen Izac', 12, 820, 5602219325861340, 'hizac2w@seesaa.net', 'hizac2w', '$2y$10$aF.b2ocVeK7XbMW1oFO7oOauUU.pJP2Wx8Zu3aINZOvpFUd8fYs46', 'verif', '0000-00-00 00:00:00', '0000-00-00 00:00:00'),
(106, 'Stephana Cheetam', 45, 651, 30394348707622, 'scheetam2x@cpanel.net', 'scheetam2x', '$2y$10$q/nVLE4zewNWQdxgMa4Rf.VgUagJtohfSbweuT07wjk3JzvpNm3CC', 'verif', '0000-00-00 00:00:00', '0000-00-00 00:00:00'),
(107, 'Evan Essam', 12, 621, 3537722674391870, 'eessam2y@noaa.gov', 'eessam2y', '$2y$10$Q.dnB.3q/62AhcVd3p3BR.O6Fd2v4Z1ovIdhQytY/PV5UD/dTiTPe', 'verif', '0000-00-00 00:00:00', '0000-00-00 00:00:00'),
(108, 'Bartolemo Tomaschke', 76, 296, 3559168775461010, 'btomaschke2z@va.gov', 'btomaschke2z', '$2y$10$q8s3J9J/rd7ifDb02w2ntOB5TFdw.DOGLBdb5QM8iiS6jSlFiBrBy', 'verif', '0000-00-00 00:00:00', '0000-00-00 00:00:00'),
(109, 'Woodrow Petruskevich', 49, 790, 4913725672479140, 'wpetruskevich30@ameblo.jp', 'wpetruskevich30', '$2y$10$TAJuOLIOi/1/0DVAgTsNAeHGpO25vL.HnCfGrt60k.1yqO0zyWSpG', 'verif', '0000-00-00 00:00:00', '0000-00-00 00:00:00'),
(110, 'Shelton Bellson', 14, 553, 5602252737021580, 'sbellson31@ow.ly', 'sbellson31', '$2y$10$YrILi5cuoCcjs/PEYt5N0u/7rMB0wy.IxuyfJ5j9p02K4k4zx4Dqm', 'verif', '0000-00-00 00:00:00', '0000-00-00 00:00:00'),
(111, 'Egbert Dugue', 92, 224, 374283429556855, 'edugue32@loc.gov', 'edugue32', '$2y$10$j6JByIRllLjIaXrHxL7L9uhD3P1PLWSIosERxMVFBaYlfc5Q/HjSK', 'verif', '0000-00-00 00:00:00', '0000-00-00 00:00:00'),
(112, 'Alaric Sleford', 68, 610, 3552569041216900, 'asleford33@360.cn', 'asleford33', '$2y$10$jjENKrb6h1bNoSqFqc34s.Dc/tgwyrly5gAMj4sLEC1h3Ywzmsi4e', 'verif', '0000-00-00 00:00:00', '0000-00-00 00:00:00'),
(113, 'April Cowpertwait', 37, 808, 6759124544431740, 'acowpertwait34@bizjournals.com', 'acowpertwait34', '$2y$10$w.63veM7ZWo7CTLcN/qLueC90Pez1zJFCF5IuO1sw4qwZjCZ5IPb2', 'verif', '0000-00-00 00:00:00', '0000-00-00 00:00:00'),
(114, 'Fredek Blenkhorn', 24, 872, 5602227279806500, 'fblenkhorn35@dropbox.com', 'fblenkhorn35', '$2y$10$UIBsPfG4lP9FtIhtWeAXhuDycHLKgBCVlBEsErtNvTdIdkVOeq99m', 'verif', '0000-00-00 00:00:00', '0000-00-00 00:00:00'),
(115, 'Emelita Vouls', 51, 153, 3582797926278640, 'evouls36@yahoo.co.jp', 'evouls36', '$2y$10$MX9ntmuYZoJEgEO4LcE56en/s8tL1.KSHYzjvULVZX.1dHQZpzk6m', 'verif', '0000-00-00 00:00:00', '0000-00-00 00:00:00'),
(116, 'Aimil Woods', 4, 627, 5002359897776330, 'awoods37@tinypic.com', 'awoods37', '$2y$10$ZcarWhU9aTIrCW3CtUyAEuMLbXOuBTdzCczUSUSnLhQsHVgkyF2nW', 'verif', '0000-00-00 00:00:00', '0000-00-00 00:00:00'),
(117, 'Orland Bamber', 16, 591, 4405164430787420, 'obamber38@devhub.com', 'obamber38', '$2y$10$KmRZTMxlHscMlNvlu3euvOxoaWx3lQ2RgehSpk2F3FMv4OMj6kHbG', 'verif', '0000-00-00 00:00:00', '0000-00-00 00:00:00'),
(118, 'Andie Keeltagh', 94, 338, 3570864366109990, 'akeeltagh39@meetup.com', 'akeeltagh39', '$2y$10$Po2vSojDCklixuOWBfdJZ.rRfOEZ7wg39iaKHjylJCGEew/zmNbR.', 'verif', '0000-00-00 00:00:00', '0000-00-00 00:00:00'),
(119, 'Lilllie Matskiv', 21, 630, 3589897649463600, 'lmatskiv3a@mac.com', 'lmatskiv3a', '$2y$10$w.gh0k0dBdHTY8AftbeKuuo2tVqI7OHx14sEJJOY6BLKVM.vV9QWu', 'verif', '0000-00-00 00:00:00', '0000-00-00 00:00:00'),
(120, 'Claudette Powdrill', 91, 955, 3571827231847400, 'cpowdrill3b@businesswire.com', 'cpowdrill3b', '$2y$10$gtPy6HUSUBV4iwU/NY8xue4JjNVSHRGzahCOJiUHHzN1t8PPXuHm2', 'verif', '0000-00-00 00:00:00', '0000-00-00 00:00:00'),
(121, 'Tomas Detoc', 79, 118, 3585438613721380, 'tdetoc3c@theglobeandmail.com', 'tdetoc3c', '$2y$10$strkIhpGpc7.x/0yaE8z.ugDfhalLCTR7rhuGKTy1fsqBRJ/uTA.y', 'verif', '0000-00-00 00:00:00', '0000-00-00 00:00:00'),
(122, 'Valentia Eisig', 64, 536, 5007662392026540, 'veisig3d@hao123.com', 'veisig3d', '$2y$10$DWMHgTbGuTrT7IoDVSSUdu1pW3Mn6uzNdmcsxZ.7aB9Te4cYuUKqG', 'verif', '0000-00-00 00:00:00', '0000-00-00 00:00:00'),
(123, 'Wilmar Burnsides', 80, 715, 374283361000359, 'wburnsides3e@opera.com', 'wburnsides3e', '$2y$10$22Mmhfin.pE9LZ73URKtBuWq9Y8TVXBiYEgXDimzkaJeeF9ph.wtq', 'verif', '0000-00-00 00:00:00', '0000-00-00 00:00:00'),
(124, 'Sydelle Stovell', 79, 122, 3579413881545940, 'sstovell3f@foxnews.com', 'sstovell3f', '$2y$10$1J2ghmUhoTDvDPWTr/ZWye1HrgN2J/5o2m42JiNDClCG4QyI.QLFS', 'verif', '0000-00-00 00:00:00', '0000-00-00 00:00:00'),
(125, 'Reagen Reader', 48, 448, 5602240605358820, 'rreader3g@ca.gov', 'rreader3g', '$2y$10$yqeBZnI0uw4vx5SeA/rfbO1RfG/ZUVBT6KdutG70pewR9nbX2cSxe', 'verif', '0000-00-00 00:00:00', '0000-00-00 00:00:00'),
(126, 'Evelin McKew', 58, 332, 6761059426939790, 'emckew3h@mysql.com', 'emckew3h', '$2y$10$x1sN/ED3C3s/2Gmjt0D/Z.w3jB7hXScwQ3PaS76WjYBlBtfdJLzq.', 'verif', '0000-00-00 00:00:00', '0000-00-00 00:00:00'),
(127, 'Stafani Kleinplatz', 34, 572, 3528838595190100, 'skleinplatz3i@weibo.com', 'skleinplatz3i', '$2y$10$URLOUyfYRGep3DKIgW/eguq84b/Pct/pwhZRG4oD4jz.9vK3FKOee', 'verif', '0000-00-00 00:00:00', '0000-00-00 00:00:00'),
(128, 'Catarina Jerrolt', 58, 317, 5602239011358190, 'cjerrolt3j@telegraph.co.uk', 'cjerrolt3j', '$2y$10$f8tXZkUzq4vl.UHyUJpYs.ffvz8r8Zax2WH7LspK1SiNddaI.34Ee', 'verif', '0000-00-00 00:00:00', '0000-00-00 00:00:00'),
(129, 'Quent McBean', 17, 940, 201793596061652, 'qmcbean3k@wikia.com', 'qmcbean3k', '$2y$10$F34CXDy185MrSmIZQYjmZOdsQhkne3YXVVSf5U1DdRMfdAHA9Lksa', 'verif', '0000-00-00 00:00:00', '0000-00-00 00:00:00'),
(130, 'Sonnie Fairy', 61, 674, 6767675576424600000, 'sfairy3l@g.co', 'sfairy3l', '$2y$10$nnksFYATGcBFtDDJ3JBA4u1Hers2chnKJuYM29DG0AjDUW8BHhi2W', 'verif', '0000-00-00 00:00:00', '0000-00-00 00:00:00'),
(131, 'Care Glasson', 89, 676, 3560604415985640, 'cglasson3m@hugedomains.com', 'cglasson3m', '$2y$10$NO6JsBS46fSz/zvDxUzaseTkXse6MTJ1EFHK9lqNrpwhVuGJDQtPi', 'verif', '0000-00-00 00:00:00', '0000-00-00 00:00:00'),
(132, 'Mirabel Mapletoft', 9, 629, 3529787436654410, 'mmapletoft3n@deviantart.com', 'mmapletoft3n', '$2y$10$88tUDQXEjfAnQu8QV3A8teJVWKetzAkfmUTWwdXa4OxNUfKCAusc2', 'verif', '0000-00-00 00:00:00', '0000-00-00 00:00:00'),
(133, 'Elicia Noddings', 49, 418, 5602258513023850, 'enoddings3o@guardian.co.uk', 'enoddings3o', '$2y$10$qJJ8/tdL5fiOrVwrrqOD/uxe4R0L/NWbyYtuW53F6B7VoCcP5DthK', 'verif', '0000-00-00 00:00:00', '0000-00-00 00:00:00'),
(134, 'Lola Eric', 34, 735, 337941631723490, 'leric3p@statcounter.com', 'leric3p', '$2y$10$QoAiOhU4Xov0WudD9a65jutEPtoPk9fCfpPS1vo98RFi6ovwdP.32', 'verif', '0000-00-00 00:00:00', '0000-00-00 00:00:00'),
(135, 'Donal Shier', 5, 564, 3554893733400540, 'dshier3q@exblog.jp', 'dshier3q', '$2y$10$OU7/UyE3WqIr7IK6NY4yROXaoorRDelz0PSx.88kVZLic2ZsJaT7G', 'verif', '0000-00-00 00:00:00', '0000-00-00 00:00:00'),
(136, 'Jenda Brahms', 10, 272, 3582851352618360, 'jbrahms3r@tumblr.com', 'jbrahms3r', '$2y$10$aDm1rvHiXBF8dameqRLyquyesBySpmQnVHCf2WUbFKuHIjRCCSNiq', 'verif', '0000-00-00 00:00:00', '0000-00-00 00:00:00'),
(137, 'Teodoor Girardeau', 79, 127, 3571428255343780, 'tgirardeau3s@artisteer.com', 'tgirardeau3s', '$2y$10$ws4S.F2PuMbxNM49h.4A3.1w6h4tIwousKmlDHijB7GG5erLXnKvW', 'verif', '0000-00-00 00:00:00', '0000-00-00 00:00:00'),
(138, 'Fonsie Pepin', 33, 638, 4911945607301800000, 'fpepin3t@noaa.gov', 'fpepin3t', '$2y$10$yn4nycZxW4k0If2VaYOyuOISvYVzTKWCAGlxdFjsULRYXQ9PMJl..', 'verif', '0000-00-00 00:00:00', '0000-00-00 00:00:00'),
(139, 'Travis Kleinber', 5, 868, 604737023127140000, 'tkleinber3u@tamu.edu', 'tkleinber3u', '$2y$10$t8erOxLCtxh7EwhK0xHIpex5On8hhep0GPu893hS1H7sGiyJLqkUe', 'verif', '0000-00-00 00:00:00', '0000-00-00 00:00:00'),
(140, 'Quinlan Readmire', 95, 112, 633110296978940000, 'qreadmire3v@myspace.com', 'qreadmire3v', '$2y$10$SyzVkLx96UW14yWml7FJw.Lf/zyasMNztUdpyLWYvwTUbW/WIvth2', 'verif', '0000-00-00 00:00:00', '0000-00-00 00:00:00'),
(141, 'Estrellita Alyoshin', 71, 270, 3539385050072280, 'ealyoshin3w@ft.com', 'ealyoshin3w', '$2y$10$3ros4Nwu2iVWYDZdyr./oe8gtLC4ecYo1zXJrKoTKV2R/4MzjkDsa', 'verif', '0000-00-00 00:00:00', '0000-00-00 00:00:00'),
(142, 'Scarface Cristofolo', 16, 893, 5893188560990300, 'scristofolo3x@sphinn.com', 'scristofolo3x', '$2y$10$AZzrJOCX7SOaC.dwlLI.m.aHHisgPBqY8egxUVvLNCeNc620wg8/u', 'verif', '0000-00-00 00:00:00', '0000-00-00 00:00:00'),
(143, 'Jeniffer Gillford', 61, 334, 374283807772934, 'jgillford3y@patch.com', 'jgillford3y', '$2y$10$CcGKOH3WOmdoy8PW8dMxKOrBLWb3DIerFf0r1BvXtm53AUxQBNau.', 'verif', '0000-00-00 00:00:00', '0000-00-00 00:00:00'),
(144, 'Charline Congrave', 76, 437, 5602214222891500000, 'ccongrave3z@ezinearticles.com', 'ccongrave3z', '$2y$10$Rb/RXDj7IxXv2qdz3P/Ke..Fn4A.jVZmcJZgmGkrAY9OqGkeLoqiC', 'verif', '0000-00-00 00:00:00', '0000-00-00 00:00:00'),
(145, 'Llewellyn Willden', 97, 291, 6334113241289900000, 'lwillden40@sbwire.com', 'lwillden40', '$2y$10$.ak7GLLXEy0dtS81psRpduxqzWvPXxbYyHMfpYS/HLgUSoTblUCde', 'verif', '0000-00-00 00:00:00', '0000-00-00 00:00:00'),
(146, 'Pace Hardbattle', 13, 612, 5158186517129640, 'phardbattle41@cbsnews.com', 'phardbattle41', '$2y$10$XNeegnkEnUdsHJNF4fRCz.hzCEpen8.lrMKuxls1FJxanBje5PWum', 'verif', '0000-00-00 00:00:00', '0000-00-00 00:00:00'),
(147, 'Cassandry Ingarfield', 69, 328, 374288949512239, 'cingarfield42@bravesites.com', 'cingarfield42', '$2y$10$hUxtkT2Q9drrmuZSTPAcnO82AyjdzsEG5g.KJKvDc3/ExHvmFR7pe', 'verif', '0000-00-00 00:00:00', '0000-00-00 00:00:00'),
(148, 'Evelina Blazewski', 43, 895, 4917275599033030, 'eblazewski43@ucoz.ru', 'eblazewski43', '$2y$10$oqswNGCVBX7FJqXbn3ZksOAbmzFktck7eP3OlUm/HisSXvh0uL.k6', 'verif', '0000-00-00 00:00:00', '0000-00-00 00:00:00'),
(149, 'Alaric Lile', 0, 763, 3529287911074560, 'alile44@sourceforge.net', 'alile44', '$2y$10$dgii.hkBwAF/.SrxfqTJtO.gIOQ.akQ3l3m2PGk9VqGdjDkUsA8kO', 'verif', '0000-00-00 00:00:00', '0000-00-00 00:00:00'),
(150, 'Alley Aspinal', 57, 464, 4917137831693730, 'aaspinal45@cdbaby.com', 'aaspinal45', '$2y$10$IaRNZQ2apBuB09q8ZifvJOske6Gwvt6S3qXhpAwaN5pjrB./wH6z6', 'verif', '0000-00-00 00:00:00', '0000-00-00 00:00:00'),
(151, 'Franklyn Pridding', 78, 991, 3563784214045110, 'fpridding46@flavors.me', 'fpridding46', '$2y$10$AhbCXZzjJKu.cVykgUhy0OdjYplRskOxHyK6WuEpjKpgZiDBHRXZ6', 'verif', '0000-00-00 00:00:00', '0000-00-00 00:00:00'),
(152, 'Pete Woloschinski', 42, 162, 6333775769240440, 'pwoloschinski47@columbia.edu', 'pwoloschinski47', '$2y$10$AZA5dGGc5JKTjNXexObjT.xV6DIIT2/JKs330bvJKYVzNDqN2Cb32', 'verif', '0000-00-00 00:00:00', '0000-00-00 00:00:00'),
(153, 'Clarinda Maidlow', 91, 283, 3546770665616440, 'cmaidlow48@si.edu', 'cmaidlow48', '$2y$10$dRW/RX4gyg3BNx.x9l6ChO9Eazjut2XRriZPnf4BWheeKCYBGwY7W', 'verif', '0000-00-00 00:00:00', '0000-00-00 00:00:00'),
(154, 'Clem Emburey', 46, 728, 4041371367319, 'cemburey49@imdb.com', 'cemburey49', '$2y$10$/xcJRKdYr3R9DrypHb2QB.vM0WG1Oze23UFf5cZoypuo9c1wtdZr6', 'verif', '0000-00-00 00:00:00', '0000-00-00 00:00:00'),
(155, 'Lovell Beuscher', 14, 931, 3577061447191300, 'lbeuscher4a@trellian.com', 'lbeuscher4a', '$2y$10$o9dj9YLepGkLK7FH2U0WS.r8E/mFHaj395RbxFWBQX3P1CHuxodUe', 'verif', '0000-00-00 00:00:00', '0000-00-00 00:00:00'),
(156, 'Trixi Monksfield', 3, 252, 3530970415951990, 'tmonksfield4b@berkeley.edu', 'tmonksfield4b', '$2y$10$M32Y2FTeRlqwBx8ge23pUeg2z0CBDRlTe9wLGvNY/nac4EVhfEAx.', 'verif', '0000-00-00 00:00:00', '0000-00-00 00:00:00'),
(157, 'Hubert Kirsop', 78, 192, 3578272512454150, 'hkirsop4c@harvard.edu', 'hkirsop4c', '$2y$10$rLkKm02dZBGyeKKs/NfNjuR0B8CxV2TNhMN4VxRVYUmMoYtO/WkZe', 'verif', '0000-00-00 00:00:00', '0000-00-00 00:00:00'),
(158, 'Johna Tappin', 70, 225, 201957059029858, 'jtappin4d@comcast.net', 'jtappin4d', '$2y$10$sqbicScwTzKvftGELo085.IVx1x8KIquukMk9AXJG1n5C8dm16JVe', 'verif', '0000-00-00 00:00:00', '0000-00-00 00:00:00'),
(159, 'Ricoriki Mechem', 72, 626, 3529862659249030, 'rmechem4e@ask.com', 'rmechem4e', '$2y$10$VONCHL6PqXB5bVeWln4W1uxwWMs5EXsyi9NZgbu0yBtx3tg432gBq', 'verif', '0000-00-00 00:00:00', '0000-00-00 00:00:00'),
(160, 'Wainwright Bezley', 57, 507, 4508594237177540, 'wbezley4f@nih.gov', 'wbezley4f', '$2y$10$pK.79C7w0/fB0IV3C63aTegIfQ0f3ffGXBO0ly0E1CnxVvxdp/VlS', 'verif', '0000-00-00 00:00:00', '0000-00-00 00:00:00'),
(161, 'Albert Hardman', 97, 602, 5610665468637440, 'ahardman4g@scientificamerican.com', 'ahardman4g', '$2y$10$zX99ExFodKQwDwKG0P65m.DQx29S0sHNm3VMVfwEnjpfHQToLmDQO', 'verif', '0000-00-00 00:00:00', '0000-00-00 00:00:00'),
(162, 'Tatum Constant', 43, 709, 4405397596566680, 'tconstant4h@geocities.jp', 'tconstant4h', '$2y$10$hjcoXJEHBewg6.6MwABDT.raJWtTMk/OkTa1Ac2ILkzoEJNelYbs6', 'verif', '0000-00-00 00:00:00', '0000-00-00 00:00:00'),
(163, 'Dorthea Bellison', 81, 593, 3550531702257600, 'dbellison4i@blinklist.com', 'dbellison4i', '$2y$10$2sfDJO7UwxSUotE1j6.L1.NOpxrtDS1BY8vgskENepwVWg.TWxscS', 'verif', '0000-00-00 00:00:00', '0000-00-00 00:00:00'),
(164, 'Mendie Ivanikov', 60, 589, 201756659556272, 'mivanikov4j@va.gov', 'mivanikov4j', '$2y$10$BJmYYAf59YnJaOpUtKWI3O0g9y2cFH1PBgRF93Bu5oHaLeCxbisre', 'verif', '0000-00-00 00:00:00', '0000-00-00 00:00:00'),
(165, 'Leontine Revens', 4, 629, 5048370447124030, 'lrevens4k@cocolog-nifty.com', 'lrevens4k', '$2y$10$2wbmmPWMGUx24XF1zXNLruAaec2yBeUdfVkJ6Uum/kSLItN9uTLVy', 'verif', '0000-00-00 00:00:00', '0000-00-00 00:00:00'),
(166, 'Dalt Streater', 39, 316, 5602230027103460, 'dstreater4l@cdc.gov', 'dstreater4l', '$2y$10$Kpm3sCveDKpf2dPNPb1Fp.4bWg8X8vP3OneUsGpFhb.ZugNpYbAwC', 'verif', '0000-00-00 00:00:00', '0000-00-00 00:00:00'),
(167, 'Devinne Bollom', 73, 385, 56022484605394000, 'dbollom4m@indiatimes.com', 'dbollom4m', '$2y$10$1lulNv5AzC9ANDzm4Z3B9uT104hH3FM9/wHY.UL0Hqb.kJhaUaLGa', 'verif', '0000-00-00 00:00:00', '0000-00-00 00:00:00'),
(168, 'Annis Ewols', 89, 817, 67635496752871000, 'aewols4n@patch.com', 'aewols4n', '$2y$10$t4TGWBgukdRmn4hAAwXKh.cT6gS4TBcDORem1MhrQ5F4ieXAM.fJy', 'verif', '0000-00-00 00:00:00', '0000-00-00 00:00:00'),
(169, 'Raoul Broadway', 42, 552, 3576889078370250, 'rbroadway4o@amazon.de', 'rbroadway4o', '$2y$10$xG8rmwvw6MsN5gCKoap30uYIpUf15cBvP/N8oemq07ki7e9NI1sqm', 'verif', '0000-00-00 00:00:00', '0000-00-00 00:00:00'),
(170, 'Ursala Burford', 40, 779, 374283710763590, 'uburford4p@desdev.cn', 'uburford4p', '$2y$10$8V1pPcyDIWM/u.gCzNCEu.beZWevbXWNddpzh96xeAyUDm2ynZ4VC', 'verif', '0000-00-00 00:00:00', '0000-00-00 00:00:00'),
(171, 'Marv Breedy', 0, 552, 3585275086149740, 'mbreedy4q@mysql.com', 'mbreedy4q', '$2y$10$138uIHbyXhBf0ZnxfrXumOuwFG5rc6PnUSGdWCqJVTzGu8CoipqoO', 'verif', '0000-00-00 00:00:00', '0000-00-00 00:00:00'),
(172, 'Hildagard Filby', 30, 814, 56022445525467000, 'hfilby4r@jiathis.com', 'hfilby4r', '$2y$10$CkMyPjCF.miiLPvvlnZgFO6CYFyTUKHUQsCSi5YgEaIEcBMRLsz62', 'verif', '0000-00-00 00:00:00', '0000-00-00 00:00:00'),
(173, 'Carolan Ead', 30, 657, 3562593136560820, 'cead4s@simplemachines.org', 'cead4s', '$2y$10$ZBpHbedkcJIWZcl4iIU7oOjNqrQB/TnmsXLSfBkAxIWz.aFzUJagO', 'verif', '0000-00-00 00:00:00', '0000-00-00 00:00:00'),
(174, 'Valentine Spragge', 99, 589, 3542924071867200, 'vspragge4t@odnoklassniki.ru', 'vspragge4t', '$2y$10$fcofGs98XCzPEj8aVJrfAu6.TzT5ueGGEzM9A84rHoIjkmmtQA4qG', 'verif', '0000-00-00 00:00:00', '0000-00-00 00:00:00'),
(175, 'Joachim Hunte', 2, 203, 5100146326648220, 'jhunte4u@twitpic.com', 'jhunte4u', '$2y$10$29OrXKjKbIV8eg/JKsxlyOn7pK66.6S1ScGyGHbab1ZUBYxz6U9H.', 'verif', '0000-00-00 00:00:00', '0000-00-00 00:00:00'),
(176, 'Bette-ann Giannoni', 35, 651, 3582460369422170, 'bgiannoni4v@sbwire.com', 'bgiannoni4v', '$2y$10$NlYPQkldukfAWjrMB9rDTO.Y0xzQnxwpspqgMyDD4dwXD.AOgH47u', 'verif', '0000-00-00 00:00:00', '0000-00-00 00:00:00'),
(177, 'Kristofor Stavers', 18, 683, 374288755882726, 'kstavers4w@sun.com', 'kstavers4w', '$2y$10$cjx74yKFYrvzuVO6OEUDCuwpcbroBLEjG8hAwpuDgsQcFXQaGVgkS', 'verif', '0000-00-00 00:00:00', '0000-00-00 00:00:00'),
(178, 'Davidson Terney', 15, 759, 6334391496329400000, 'dterney4x@harvard.edu', 'dterney4x', '$2y$10$adMoWWqDTi6cqGFhjq.36OL39Z8agCRT73cE2nVpv3ExEHF6eE4Xa', 'verif', '0000-00-00 00:00:00', '0000-00-00 00:00:00'),
(179, 'Paolina Lindeboom', 83, 483, 5602229064045100000, 'plindeboom4y@nyu.edu', 'plindeboom4y', '$2y$10$Exkr4ReHdyOaF94YvofJc.sW2OjQR7a13bs1yYqTyFpbJMgxisicW', 'verif', '0000-00-00 00:00:00', '0000-00-00 00:00:00'),
(180, 'Juanita Willstrop', 58, 351, 50202020724787000, 'jwillstrop4z@xing.com', 'jwillstrop4z', '$2y$10$3kw14mhyHuI6DGjxtRzm0.ixV3GvOEmWIk.YbUmPJz9h1cmL3jldi', 'verif', '0000-00-00 00:00:00', '0000-00-00 00:00:00'),
(181, 'Sarette Betts', 65, 861, 3580128435124730, 'sbetts50@washington.edu', 'sbetts50', '$2y$10$7ZfOUiUwAlnw0v7hMF6kLOggv./F1qJSY7a05qvLA1D8iizg5Jxna', 'verif', '0000-00-00 00:00:00', '0000-00-00 00:00:00'),
(182, 'Yolane Rawdales', 7, 841, 630428960638880000, 'yrawdales51@artisteer.com', 'yrawdales51', '$2y$10$ZuLqzXogst41VGoCTw1VtehqVBexAhD2.yEaQdRmFUkEhBxJ1zzq6', 'verif', '0000-00-00 00:00:00', '0000-00-00 00:00:00'),
(183, 'Gwenni Carah', 99, 980, 5610296451965940, 'gcarah52@discuz.net', 'gcarah52', '$2y$10$bMnUeMyP1G6fadzemN3vlOnyBGACA2gwMlfKPnjnP.75QGxDBR98i', 'verif', '0000-00-00 00:00:00', '0000-00-00 00:00:00'),
(184, 'Pierson Goodby', 42, 149, 3580250989302920, 'pgoodby53@storify.com', 'pgoodby53', '$2y$10$jYlOsWKnviaXv33QiGXl6eOSCvgbnh77cNyxQxL..jFZcsObxY8i6', 'verif', '0000-00-00 00:00:00', '0000-00-00 00:00:00'),
(185, 'Gleda Wisniowski', 40, 113, 3546453907680430, 'gwisniowski54@ezinearticles.com', 'gwisniowski54', '$2y$10$JueNKqqKjIJ2VvXVhsBAMuScU0L7H.QkorDz0wUSOmR9Zgvn37eXW', 'verif', '0000-00-00 00:00:00', '0000-00-00 00:00:00'),
(186, 'Cesare Finney', 60, 447, 3562457917708290, 'cfinney55@xing.com', 'cfinney55', '$2y$10$Y4qT3hxdCzlsP6YAakbxCOwMLP/uw8InkNcL/ze.duSokR1hvMdrq', 'verif', '0000-00-00 00:00:00', '0000-00-00 00:00:00'),
(187, 'Edan Balch', 27, 966, 5602216110377300000, 'ebalch56@prlog.org', 'ebalch56', '$2y$10$t6681pZVGdzrNqeh6LL82OWbJV4Ju/VLrXgAS5MTp5377gjz0I0uy', 'verif', '0000-00-00 00:00:00', '0000-00-00 00:00:00'),
(188, 'Joye Matson', 0, 964, 3578303092335300, 'jmatson57@salon.com', 'jmatson57', '$2y$10$qnqPV.M.ex9O7BIRKC32gO3n412AF7QqDcIrGImx.yzYYa/15RHAy', 'verif', '0000-00-00 00:00:00', '0000-00-00 00:00:00'),
(189, 'Andrei Ballentime', 5, 304, 67610516359423000, 'aballentime58@dailymotion.com', 'aballentime58', '$2y$10$eQ/GCChvYTkfo6rii4QNqOjDhX6YXVLLobPmnfIsRVnKrNYu9c65a', 'verif', '0000-00-00 00:00:00', '0000-00-00 00:00:00'),
(190, 'Shawn Bunten', 28, 842, 6334366431846300000, 'sbunten59@usa.gov', 'sbunten59', '$2y$10$6WSn6J0u2wUBmZkbhxHfd.uEMRF6F/fpKppMT578.TNE0AqNcuEEu', 'verif', '0000-00-00 00:00:00', '0000-00-00 00:00:00'),
(191, 'Nancee McGinly', 73, 186, 3559898303966610, 'nmcginly5a@lycos.com', 'nmcginly5a', '$2y$10$Vrsl.9h2XBmXWBNxC56UfedixMgkrUgl7fjDfKQMN1rk8vIR2XN9K', 'verif', '0000-00-00 00:00:00', '0000-00-00 00:00:00'),
(192, 'Didi Gannan', 75, 797, 372056236512523, 'dgannan5b@hud.gov', 'dgannan5b', '$2y$10$YN6DVamYnQUMhQFE0rOP5etYyN4bNOqejpzkKj1FIa5rwiO//f8H6', 'verif', '0000-00-00 00:00:00', '0000-00-00 00:00:00'),
(193, 'Buddy Sapir', 52, 850, 3539198684262440, 'bsapir5c@icio.us', 'bsapir5c', '$2y$10$azVXE2NCNNJgw.TisApY0.TWVs7OzsN5YR83aO8q0LYALwo0r5FqO', 'verif', '0000-00-00 00:00:00', '0000-00-00 00:00:00'),
(194, 'Veronique Luke', 80, 658, 3551183665014050, 'vluke5d@shutterfly.com', 'vluke5d', '$2y$10$QZoA6.fw7OymL0AMaDNIp.j8WhD7CdJsHce9MwMuviiw8mgMejlSm', 'verif', '0000-00-00 00:00:00', '0000-00-00 00:00:00'),
(195, 'Christal Jonin', 48, 384, 5020999136375800000, 'cjonin5e@rambler.ru', 'cjonin5e', '$2y$10$iq/POW3V7jImKZaopWfZW.8228UequuG5FqlKX.1n6FGrxA5CP6pS', 'verif', '0000-00-00 00:00:00', '0000-00-00 00:00:00'),
(196, 'Corny McMeyler', 36, 954, 6759282588775100000, 'cmcmeyler5f@google.pl', 'cmcmeyler5f', '$2y$10$c2IPmblAygr1J8WPz1v5SunJl8WV2He7ELbERbTLr/dAXuDZaxFQy', 'verif', '0000-00-00 00:00:00', '0000-00-00 00:00:00'),
(197, 'Kyrstin Oxenham', 69, 578, 502048842952500000, 'koxenham5g@npr.org', 'koxenham5g', '$2y$10$1tSpepT.heVf1ediMkCSxuGSwcmxnnadOzeJAhKhrjYQMJ73I5oxC', 'verif', '0000-00-00 00:00:00', '0000-00-00 00:00:00'),
(198, 'Arther Clench', 93, 912, 5497167741997330, 'aclench5h@psu.edu', 'aclench5h', '$2y$10$xakQj77netXKUrxlvAPEoeVUuGCbB5BBv3qH.1uygYgUHoZWd68iS', 'verif', '0000-00-00 00:00:00', '0000-00-00 00:00:00'),
(199, 'Dacey Straw', 61, 420, 5007664203451140, 'dstraw5i@ft.com', 'dstraw5i', '$2y$10$m6KTMwg5ypJwaiuU9BnQ4uiZLgYeCqXRCpMCkI8yI7Y7VNmHgzdVO', 'verif', '0000-00-00 00:00:00', '0000-00-00 00:00:00'),
(200, 'Denyse Blizard', 27, 838, 3577383497663170, 'dblizard5j@hao123.com', 'dblizard5j', '$2y$10$7KEtA4FzvkD/9Y/eyB96Z.OfIf7BVkV67/XuUdzFkHRFimB4oxVbm', 'verif', '0000-00-00 00:00:00', '0000-00-00 00:00:00'),
(201, 'veridetta@gmail.com', 2215566625808960, 88122355, 34545666566, 'veridetta@gmail.com', 'veridetta', '$2y$10$qMneo4qyaUUDWN6HDc6fZuLdQvS5CL62Q6soGfjUvbFKE0WeofWwm', 'verif', '0000-00-00 00:00:00', '0000-00-00 00:00:00'),
(202, 'Cobaan Baru', 32211133999, 3331222, 323233232323, 'admin@gmail.com', 'admin', '$2y$10$k056ZjVqflGahYKqHE1GoOy9FSWDNnb.eKO19UxyiykY3QGIzFoQS', NULL, '2022-11-24 15:40:40', '2022-11-24 15:40:40');

-- --------------------------------------------------------

--
-- Table structure for table `verifications`
--

CREATE TABLE `verifications` (
  `id` bigint(20) UNSIGNED NOT NULL,
  `users_id` bigint(20) UNSIGNED NOT NULL,
  `desc` varchar(255) COLLATE utf8mb4_unicode_ci NOT NULL,
  `value` varchar(255) COLLATE utf8mb4_unicode_ci NOT NULL,
  `created_at` timestamp NULL DEFAULT NULL,
  `updated_at` timestamp NULL DEFAULT NULL
) ENGINE=InnoDB DEFAULT CHARSET=utf8mb4 COLLATE=utf8mb4_unicode_ci;

--
-- Dumping data for table `verifications`
--

INSERT INTO `verifications` (`id`, `users_id`, `desc`, `value`, `created_at`, `updated_at`) VALUES
(1, 2, 'Verifikasi wajah', 'foto-2.jpg', '0000-00-00 00:00:00', '0000-00-00 00:00:00'),
(2, 2, 'Verifikasi wajah', 'foto-2.jpg', '0000-00-00 00:00:00', '0000-00-00 00:00:00'),
(3, 105, 'Verifikasi wajah', 'foto-105.jpg', '0000-00-00 00:00:00', '0000-00-00 00:00:00'),
(4, 36, 'Verifikasi wajah', 'foto-36.jpg', '0000-00-00 00:00:00', '0000-00-00 00:00:00'),
(5, 166, 'Verifikasi wajah', 'foto-166.jpg', '0000-00-00 00:00:00', '0000-00-00 00:00:00'),
(6, 114, 'Verifikasi wajah', 'foto-114.jpg', '0000-00-00 00:00:00', '0000-00-00 00:00:00'),
(7, 29, 'Verifikasi wajah', 'foto-29.jpg', '0000-00-00 00:00:00', '0000-00-00 00:00:00'),
(8, 49, 'Verifikasi wajah', 'foto-49.jpg', '0000-00-00 00:00:00', '0000-00-00 00:00:00'),
(9, 88, 'Verifikasi wajah', 'foto-88.jpg', '0000-00-00 00:00:00', '0000-00-00 00:00:00'),
(10, 77, 'Verifikasi wajah', 'foto-77.jpg', '0000-00-00 00:00:00', '0000-00-00 00:00:00'),
(11, 92, 'Verifikasi wajah', 'foto-92.jpg', '0000-00-00 00:00:00', '0000-00-00 00:00:00'),
(12, 95, 'Verifikasi wajah', 'foto-95.jpg', '0000-00-00 00:00:00', '0000-00-00 00:00:00'),
(13, 61, 'Verifikasi wajah', 'foto-61.jpg', '0000-00-00 00:00:00', '0000-00-00 00:00:00'),
(14, 127, 'Verifikasi wajah', 'foto-127.jpg', '0000-00-00 00:00:00', '0000-00-00 00:00:00'),
(15, 87, 'Verifikasi wajah', 'foto-87.jpg', '0000-00-00 00:00:00', '0000-00-00 00:00:00'),
(16, 142, 'Verifikasi wajah', 'foto-142.jpg', '0000-00-00 00:00:00', '0000-00-00 00:00:00'),
(17, 180, 'Verifikasi wajah', 'foto-180.jpg', '0000-00-00 00:00:00', '0000-00-00 00:00:00'),
(18, 128, 'Verifikasi wajah', 'foto-128.jpg', '0000-00-00 00:00:00', '0000-00-00 00:00:00'),
(19, 176, 'Verifikasi wajah', 'foto-176.jpg', '0000-00-00 00:00:00', '0000-00-00 00:00:00'),
(20, 100, 'Verifikasi wajah', 'foto-100.jpg', '0000-00-00 00:00:00', '0000-00-00 00:00:00'),
(21, 20, 'Verifikasi wajah', 'foto-20.jpg', '0000-00-00 00:00:00', '0000-00-00 00:00:00'),
(22, 190, 'Verifikasi wajah', 'foto-190.jpg', '0000-00-00 00:00:00', '0000-00-00 00:00:00'),
(23, 147, 'Verifikasi wajah', 'foto-147.jpg', '0000-00-00 00:00:00', '0000-00-00 00:00:00'),
(24, 81, 'Verifikasi wajah', 'foto-81.jpg', '0000-00-00 00:00:00', '0000-00-00 00:00:00'),
(25, 14, 'Verifikasi wajah', 'foto-14.jpg', '0000-00-00 00:00:00', '0000-00-00 00:00:00'),
(26, 44, 'Verifikasi wajah', 'foto-44.jpg', '0000-00-00 00:00:00', '0000-00-00 00:00:00'),
(27, 170, 'Verifikasi wajah', 'foto-170.jpg', '0000-00-00 00:00:00', '0000-00-00 00:00:00'),
(28, 97, 'Verifikasi wajah', 'foto-97.jpg', '0000-00-00 00:00:00', '0000-00-00 00:00:00'),
(29, 170, 'Verifikasi wajah', 'foto-170.jpg', '0000-00-00 00:00:00', '0000-00-00 00:00:00'),
(30, 92, 'Verifikasi wajah', 'foto-92.jpg', '0000-00-00 00:00:00', '0000-00-00 00:00:00'),
(31, 127, 'Verifikasi wajah', 'foto-127.jpg', '0000-00-00 00:00:00', '0000-00-00 00:00:00'),
(32, 13, 'Verifikasi wajah', 'foto-13.jpg', '0000-00-00 00:00:00', '0000-00-00 00:00:00'),
(33, 60, 'Verifikasi wajah', 'foto-60.jpg', '0000-00-00 00:00:00', '0000-00-00 00:00:00'),
(34, 96, 'Verifikasi wajah', 'foto-96.jpg', '0000-00-00 00:00:00', '0000-00-00 00:00:00'),
(35, 194, 'Verifikasi wajah', 'foto-194.jpg', '0000-00-00 00:00:00', '0000-00-00 00:00:00'),
(36, 89, 'Verifikasi wajah', 'foto-89.jpg', '0000-00-00 00:00:00', '0000-00-00 00:00:00'),
(37, 97, 'Verifikasi wajah', 'foto-97.jpg', '0000-00-00 00:00:00', '0000-00-00 00:00:00'),
(38, 60, 'Verifikasi wajah', 'foto-60.jpg', '0000-00-00 00:00:00', '0000-00-00 00:00:00'),
(39, 116, 'Verifikasi wajah', 'foto-116.jpg', '0000-00-00 00:00:00', '0000-00-00 00:00:00'),
(40, 82, 'Verifikasi wajah', 'foto-82.jpg', '0000-00-00 00:00:00', '0000-00-00 00:00:00'),
(41, 15, 'Verifikasi wajah', 'foto-15.jpg', '0000-00-00 00:00:00', '0000-00-00 00:00:00'),
(42, 79, 'Verifikasi wajah', 'foto-79.jpg', '0000-00-00 00:00:00', '0000-00-00 00:00:00'),
(43, 193, 'Verifikasi wajah', 'foto-193.jpg', '0000-00-00 00:00:00', '0000-00-00 00:00:00'),
(44, 15, 'Verifikasi wajah', 'foto-15.jpg', '0000-00-00 00:00:00', '0000-00-00 00:00:00'),
(45, 109, 'Verifikasi wajah', 'foto-109.jpg', '0000-00-00 00:00:00', '0000-00-00 00:00:00'),
(46, 39, 'Verifikasi wajah', 'foto-39.jpg', '0000-00-00 00:00:00', '0000-00-00 00:00:00'),
(47, 3, 'Verifikasi wajah', 'foto-3.jpg', '0000-00-00 00:00:00', '0000-00-00 00:00:00'),
(48, 183, 'Verifikasi wajah', 'foto-183.jpg', '0000-00-00 00:00:00', '0000-00-00 00:00:00'),
(49, 172, 'Verifikasi wajah', 'foto-172.jpg', '0000-00-00 00:00:00', '0000-00-00 00:00:00'),
(50, 9, 'Verifikasi wajah', 'foto-9.jpg', '0000-00-00 00:00:00', '0000-00-00 00:00:00'),
(51, 189, 'Verifikasi wajah', 'foto-189.jpg', '0000-00-00 00:00:00', '0000-00-00 00:00:00'),
(52, 34, 'Verifikasi wajah', 'foto-34.jpg', '0000-00-00 00:00:00', '0000-00-00 00:00:00'),
(53, 72, 'Verifikasi wajah', 'foto-72.jpg', '0000-00-00 00:00:00', '0000-00-00 00:00:00'),
(54, 100, 'Verifikasi wajah', 'foto-100.jpg', '0000-00-00 00:00:00', '0000-00-00 00:00:00'),
(55, 172, 'Verifikasi wajah', 'foto-172.jpg', '0000-00-00 00:00:00', '0000-00-00 00:00:00'),
(56, 35, 'Verifikasi wajah', 'foto-35.jpg', '0000-00-00 00:00:00', '0000-00-00 00:00:00'),
(57, 130, 'Verifikasi wajah', 'foto-130.jpg', '0000-00-00 00:00:00', '0000-00-00 00:00:00'),
(58, 100, 'Verifikasi wajah', 'foto-100.jpg', '0000-00-00 00:00:00', '0000-00-00 00:00:00'),
(59, 78, 'Verifikasi wajah', 'foto-78.jpg', '0000-00-00 00:00:00', '0000-00-00 00:00:00'),
(60, 133, 'Verifikasi wajah', 'foto-133.jpg', '0000-00-00 00:00:00', '0000-00-00 00:00:00'),
(61, 139, 'Verifikasi wajah', 'foto-139.jpg', '0000-00-00 00:00:00', '0000-00-00 00:00:00'),
(62, 103, 'Verifikasi wajah', 'foto-103.jpg', '0000-00-00 00:00:00', '0000-00-00 00:00:00'),
(63, 99, 'Verifikasi wajah', 'foto-99.jpg', '0000-00-00 00:00:00', '0000-00-00 00:00:00'),
(64, 54, 'Verifikasi wajah', 'foto-54.jpg', '0000-00-00 00:00:00', '0000-00-00 00:00:00'),
(65, 17, 'Verifikasi wajah', 'foto-17.jpg', '0000-00-00 00:00:00', '0000-00-00 00:00:00'),
(66, 6, 'Verifikasi wajah', 'foto-6.jpg', '0000-00-00 00:00:00', '0000-00-00 00:00:00'),
(67, 123, 'Verifikasi wajah', 'foto-123.jpg', '0000-00-00 00:00:00', '0000-00-00 00:00:00'),
(68, 66, 'Verifikasi wajah', 'foto-66.jpg', '0000-00-00 00:00:00', '0000-00-00 00:00:00'),
(69, 167, 'Verifikasi wajah', 'foto-167.jpg', '0000-00-00 00:00:00', '0000-00-00 00:00:00'),
(70, 199, 'Verifikasi wajah', 'foto-199.jpg', '0000-00-00 00:00:00', '0000-00-00 00:00:00'),
(71, 185, 'Verifikasi wajah', 'foto-185.jpg', '0000-00-00 00:00:00', '0000-00-00 00:00:00'),
(72, 133, 'Verifikasi wajah', 'foto-133.jpg', '0000-00-00 00:00:00', '0000-00-00 00:00:00'),
(73, 69, 'Verifikasi wajah', 'foto-69.jpg', '0000-00-00 00:00:00', '0000-00-00 00:00:00'),
(74, 104, 'Verifikasi wajah', 'foto-104.jpg', '0000-00-00 00:00:00', '0000-00-00 00:00:00'),
(75, 156, 'Verifikasi wajah', 'foto-156.jpg', '0000-00-00 00:00:00', '0000-00-00 00:00:00'),
(76, 140, 'Verifikasi wajah', 'foto-140.jpg', '0000-00-00 00:00:00', '0000-00-00 00:00:00'),
(77, 22, 'Verifikasi wajah', 'foto-22.jpg', '0000-00-00 00:00:00', '0000-00-00 00:00:00'),
(78, 135, 'Verifikasi wajah', 'foto-135.jpg', '0000-00-00 00:00:00', '0000-00-00 00:00:00'),
(79, 184, 'Verifikasi wajah', 'foto-184.jpg', '0000-00-00 00:00:00', '0000-00-00 00:00:00'),
(80, 2, 'Verifikasi wajah', 'foto-2.jpg', '0000-00-00 00:00:00', '0000-00-00 00:00:00'),
(81, 180, 'Verifikasi wajah', 'foto-180.jpg', '0000-00-00 00:00:00', '0000-00-00 00:00:00'),
(82, 134, 'Verifikasi wajah', 'foto-134.jpg', '0000-00-00 00:00:00', '0000-00-00 00:00:00'),
(83, 153, 'Verifikasi wajah', 'foto-153.jpg', '0000-00-00 00:00:00', '0000-00-00 00:00:00'),
(84, 63, 'Verifikasi wajah', 'foto-63.jpg', '0000-00-00 00:00:00', '0000-00-00 00:00:00'),
(85, 108, 'Verifikasi wajah', 'foto-108.jpg', '0000-00-00 00:00:00', '0000-00-00 00:00:00'),
(86, 172, 'Verifikasi wajah', 'foto-172.jpg', '0000-00-00 00:00:00', '0000-00-00 00:00:00'),
(87, 140, 'Verifikasi wajah', 'foto-140.jpg', '0000-00-00 00:00:00', '0000-00-00 00:00:00'),
(88, 124, 'Verifikasi wajah', 'foto-124.jpg', '0000-00-00 00:00:00', '0000-00-00 00:00:00'),
(89, 198, 'Verifikasi wajah', 'foto-198.jpg', '0000-00-00 00:00:00', '0000-00-00 00:00:00'),
(90, 9, 'Verifikasi wajah', 'foto-9.jpg', '0000-00-00 00:00:00', '0000-00-00 00:00:00'),
(91, 12, 'Verifikasi wajah', 'foto-12.jpg', '0000-00-00 00:00:00', '0000-00-00 00:00:00'),
(92, 140, 'Verifikasi wajah', 'foto-140.jpg', '0000-00-00 00:00:00', '0000-00-00 00:00:00'),
(93, 115, 'Verifikasi wajah', 'foto-115.jpg', '0000-00-00 00:00:00', '0000-00-00 00:00:00'),
(94, 79, 'Verifikasi wajah', 'foto-79.jpg', '0000-00-00 00:00:00', '0000-00-00 00:00:00'),
(95, 99, 'Verifikasi wajah', 'foto-99.jpg', '0000-00-00 00:00:00', '0000-00-00 00:00:00'),
(96, 136, 'Verifikasi wajah', 'foto-136.jpg', '0000-00-00 00:00:00', '0000-00-00 00:00:00'),
(97, 39, 'Verifikasi wajah', 'foto-39.jpg', '0000-00-00 00:00:00', '0000-00-00 00:00:00'),
(98, 79, 'Verifikasi wajah', 'foto-79.jpg', '0000-00-00 00:00:00', '0000-00-00 00:00:00'),
(99, 39, 'Verifikasi wajah', 'foto-39.jpg', '0000-00-00 00:00:00', '0000-00-00 00:00:00'),
(100, 143, 'Verifikasi wajah', 'foto-143.jpg', '0000-00-00 00:00:00', '0000-00-00 00:00:00'),
(101, 108, 'Verifikasi wajah', 'foto-108.jpg', '0000-00-00 00:00:00', '0000-00-00 00:00:00'),
(102, 181, 'Verifikasi wajah', 'foto-181.jpg', '0000-00-00 00:00:00', '0000-00-00 00:00:00'),
(103, 184, 'Verifikasi wajah', 'foto-184.jpg', '0000-00-00 00:00:00', '0000-00-00 00:00:00'),
(104, 63, 'Verifikasi wajah', 'foto-63.jpg', '0000-00-00 00:00:00', '0000-00-00 00:00:00'),
(105, 199, 'Verifikasi wajah', 'foto-199.jpg', '0000-00-00 00:00:00', '0000-00-00 00:00:00'),
(106, 110, 'Verifikasi wajah', 'foto-110.jpg', '0000-00-00 00:00:00', '0000-00-00 00:00:00'),
(107, 41, 'Verifikasi wajah', 'foto-41.jpg', '0000-00-00 00:00:00', '0000-00-00 00:00:00'),
(108, 172, 'Verifikasi wajah', 'foto-172.jpg', '0000-00-00 00:00:00', '0000-00-00 00:00:00'),
(109, 162, 'Verifikasi wajah', 'foto-162.jpg', '0000-00-00 00:00:00', '0000-00-00 00:00:00'),
(110, 157, 'Verifikasi wajah', 'foto-157.jpg', '0000-00-00 00:00:00', '0000-00-00 00:00:00'),
(111, 63, 'Verifikasi wajah', 'foto-63.jpg', '0000-00-00 00:00:00', '0000-00-00 00:00:00'),
(112, 82, 'Verifikasi wajah', 'foto-82.jpg', '0000-00-00 00:00:00', '0000-00-00 00:00:00'),
(113, 99, 'Verifikasi wajah', 'foto-99.jpg', '0000-00-00 00:00:00', '0000-00-00 00:00:00'),
(114, 189, 'Verifikasi wajah', 'foto-189.jpg', '0000-00-00 00:00:00', '0000-00-00 00:00:00'),
(115, 54, 'Verifikasi wajah', 'foto-54.jpg', '0000-00-00 00:00:00', '0000-00-00 00:00:00'),
(116, 176, 'Verifikasi wajah', 'foto-176.jpg', '0000-00-00 00:00:00', '0000-00-00 00:00:00'),
(117, 40, 'Verifikasi wajah', 'foto-40.jpg', '0000-00-00 00:00:00', '0000-00-00 00:00:00'),
(118, 178, 'Verifikasi wajah', 'foto-178.jpg', '0000-00-00 00:00:00', '0000-00-00 00:00:00'),
(119, 105, 'Verifikasi wajah', 'foto-105.jpg', '0000-00-00 00:00:00', '0000-00-00 00:00:00'),
(120, 81, 'Verifikasi wajah', 'foto-81.jpg', '0000-00-00 00:00:00', '0000-00-00 00:00:00'),
(121, 196, 'Verifikasi wajah', 'foto-196.jpg', '0000-00-00 00:00:00', '0000-00-00 00:00:00'),
(122, 119, 'Verifikasi wajah', 'foto-119.jpg', '0000-00-00 00:00:00', '0000-00-00 00:00:00'),
(123, 18, 'Verifikasi wajah', 'foto-18.jpg', '0000-00-00 00:00:00', '0000-00-00 00:00:00'),
(124, 71, 'Verifikasi wajah', 'foto-71.jpg', '0000-00-00 00:00:00', '0000-00-00 00:00:00'),
(125, 22, 'Verifikasi wajah', 'foto-22.jpg', '0000-00-00 00:00:00', '0000-00-00 00:00:00'),
(126, 29, 'Verifikasi wajah', 'foto-29.jpg', '0000-00-00 00:00:00', '0000-00-00 00:00:00'),
(127, 3, 'Verifikasi wajah', 'foto-3.jpg', '0000-00-00 00:00:00', '0000-00-00 00:00:00'),
(128, 45, 'Verifikasi wajah', 'foto-45.jpg', '0000-00-00 00:00:00', '0000-00-00 00:00:00'),
(129, 54, 'Verifikasi wajah', 'foto-54.jpg', '0000-00-00 00:00:00', '0000-00-00 00:00:00'),
(130, 72, 'Verifikasi wajah', 'foto-72.jpg', '0000-00-00 00:00:00', '0000-00-00 00:00:00'),
(131, 53, 'Verifikasi wajah', 'foto-53.jpg', '0000-00-00 00:00:00', '0000-00-00 00:00:00'),
(132, 68, 'Verifikasi wajah', 'foto-68.jpg', '0000-00-00 00:00:00', '0000-00-00 00:00:00'),
(133, 114, 'Verifikasi wajah', 'foto-114.jpg', '0000-00-00 00:00:00', '0000-00-00 00:00:00'),
(134, 114, 'Verifikasi wajah', 'foto-114.jpg', '0000-00-00 00:00:00', '0000-00-00 00:00:00'),
(135, 4, 'Verifikasi wajah', 'foto-4.jpg', '0000-00-00 00:00:00', '0000-00-00 00:00:00'),
(136, 61, 'Verifikasi wajah', 'foto-61.jpg', '0000-00-00 00:00:00', '0000-00-00 00:00:00'),
(137, 43, 'Verifikasi wajah', 'foto-43.jpg', '0000-00-00 00:00:00', '0000-00-00 00:00:00'),
(138, 15, 'Verifikasi wajah', 'foto-15.jpg', '0000-00-00 00:00:00', '0000-00-00 00:00:00'),
(139, 134, 'Verifikasi wajah', 'foto-134.jpg', '0000-00-00 00:00:00', '0000-00-00 00:00:00'),
(140, 52, 'Verifikasi wajah', 'foto-52.jpg', '0000-00-00 00:00:00', '0000-00-00 00:00:00'),
(141, 158, 'Verifikasi wajah', 'foto-158.jpg', '0000-00-00 00:00:00', '0000-00-00 00:00:00'),
(142, 56, 'Verifikasi wajah', 'foto-56.jpg', '0000-00-00 00:00:00', '0000-00-00 00:00:00'),
(143, 120, 'Verifikasi wajah', 'foto-120.jpg', '0000-00-00 00:00:00', '0000-00-00 00:00:00'),
(144, 16, 'Verifikasi wajah', 'foto-16.jpg', '0000-00-00 00:00:00', '0000-00-00 00:00:00'),
(145, 17, 'Verifikasi wajah', 'foto-17.jpg', '0000-00-00 00:00:00', '0000-00-00 00:00:00'),
(146, 138, 'Verifikasi wajah', 'foto-138.jpg', '0000-00-00 00:00:00', '0000-00-00 00:00:00'),
(147, 29, 'Verifikasi wajah', 'foto-29.jpg', '0000-00-00 00:00:00', '0000-00-00 00:00:00'),
(148, 124, 'Verifikasi wajah', 'foto-124.jpg', '0000-00-00 00:00:00', '0000-00-00 00:00:00'),
(149, 133, 'Verifikasi wajah', 'foto-133.jpg', '0000-00-00 00:00:00', '0000-00-00 00:00:00'),
(150, 117, 'Verifikasi wajah', 'foto-117.jpg', '0000-00-00 00:00:00', '0000-00-00 00:00:00'),
(151, 113, 'Verifikasi wajah', 'foto-113.jpg', '0000-00-00 00:00:00', '0000-00-00 00:00:00'),
(152, 69, 'Verifikasi wajah', 'foto-69.jpg', '0000-00-00 00:00:00', '0000-00-00 00:00:00'),
(153, 114, 'Verifikasi wajah', 'foto-114.jpg', '0000-00-00 00:00:00', '0000-00-00 00:00:00'),
(154, 78, 'Verifikasi wajah', 'foto-78.jpg', '0000-00-00 00:00:00', '0000-00-00 00:00:00'),
(155, 103, 'Verifikasi wajah', 'foto-103.jpg', '0000-00-00 00:00:00', '0000-00-00 00:00:00'),
(156, 35, 'Verifikasi wajah', 'foto-35.jpg', '0000-00-00 00:00:00', '0000-00-00 00:00:00'),
(157, 70, 'Verifikasi wajah', 'foto-70.jpg', '0000-00-00 00:00:00', '0000-00-00 00:00:00'),
(158, 3, 'Verifikasi wajah', 'foto-3.jpg', '0000-00-00 00:00:00', '0000-00-00 00:00:00'),
(159, 14, 'Verifikasi wajah', 'foto-14.jpg', '0000-00-00 00:00:00', '0000-00-00 00:00:00'),
(160, 183, 'Verifikasi wajah', 'foto-183.jpg', '0000-00-00 00:00:00', '0000-00-00 00:00:00'),
(161, 141, 'Verifikasi wajah', 'foto-141.jpg', '0000-00-00 00:00:00', '0000-00-00 00:00:00'),
(162, 180, 'Verifikasi wajah', 'foto-180.jpg', '0000-00-00 00:00:00', '0000-00-00 00:00:00'),
(163, 107, 'Verifikasi wajah', 'foto-107.jpg', '0000-00-00 00:00:00', '0000-00-00 00:00:00'),
(164, 192, 'Verifikasi wajah', 'foto-192.jpg', '0000-00-00 00:00:00', '0000-00-00 00:00:00'),
(165, 5, 'Verifikasi wajah', 'foto-5.jpg', '0000-00-00 00:00:00', '0000-00-00 00:00:00'),
(166, 38, 'Verifikasi wajah', 'foto-38.jpg', '0000-00-00 00:00:00', '0000-00-00 00:00:00'),
(167, 130, 'Verifikasi wajah', 'foto-130.jpg', '0000-00-00 00:00:00', '0000-00-00 00:00:00'),
(168, 125, 'Verifikasi wajah', 'foto-125.jpg', '0000-00-00 00:00:00', '0000-00-00 00:00:00'),
(169, 57, 'Verifikasi wajah', 'foto-57.jpg', '0000-00-00 00:00:00', '0000-00-00 00:00:00'),
(170, 192, 'Verifikasi wajah', 'foto-192.jpg', '0000-00-00 00:00:00', '0000-00-00 00:00:00'),
(171, 2, 'Verifikasi wajah', 'foto-2.jpg', '0000-00-00 00:00:00', '0000-00-00 00:00:00'),
(172, 184, 'Verifikasi wajah', 'foto-184.jpg', '0000-00-00 00:00:00', '0000-00-00 00:00:00'),
(173, 193, 'Verifikasi wajah', 'foto-193.jpg', '0000-00-00 00:00:00', '0000-00-00 00:00:00'),
(174, 106, 'Verifikasi wajah', 'foto-106.jpg', '0000-00-00 00:00:00', '0000-00-00 00:00:00'),
(175, 129, 'Verifikasi wajah', 'foto-129.jpg', '0000-00-00 00:00:00', '0000-00-00 00:00:00'),
(176, 190, 'Verifikasi wajah', 'foto-190.jpg', '0000-00-00 00:00:00', '0000-00-00 00:00:00'),
(177, 173, 'Verifikasi wajah', 'foto-173.jpg', '0000-00-00 00:00:00', '0000-00-00 00:00:00'),
(178, 13, 'Verifikasi wajah', 'foto-13.jpg', '0000-00-00 00:00:00', '0000-00-00 00:00:00'),
(179, 79, 'Verifikasi wajah', 'foto-79.jpg', '0000-00-00 00:00:00', '0000-00-00 00:00:00'),
(180, 85, 'Verifikasi wajah', 'foto-85.jpg', '0000-00-00 00:00:00', '0000-00-00 00:00:00'),
(181, 88, 'Verifikasi wajah', 'foto-88.jpg', '0000-00-00 00:00:00', '0000-00-00 00:00:00'),
(182, 170, 'Verifikasi wajah', 'foto-170.jpg', '0000-00-00 00:00:00', '0000-00-00 00:00:00'),
(183, 118, 'Verifikasi wajah', 'foto-118.jpg', '0000-00-00 00:00:00', '0000-00-00 00:00:00'),
(184, 96, 'Verifikasi wajah', 'foto-96.jpg', '0000-00-00 00:00:00', '0000-00-00 00:00:00'),
(185, 104, 'Verifikasi wajah', 'foto-104.jpg', '0000-00-00 00:00:00', '0000-00-00 00:00:00'),
(186, 123, 'Verifikasi wajah', 'foto-123.jpg', '0000-00-00 00:00:00', '0000-00-00 00:00:00'),
(187, 186, 'Verifikasi wajah', 'foto-186.jpg', '0000-00-00 00:00:00', '0000-00-00 00:00:00'),
(188, 94, 'Verifikasi wajah', 'foto-94.jpg', '0000-00-00 00:00:00', '0000-00-00 00:00:00'),
(189, 146, 'Verifikasi wajah', 'foto-146.jpg', '0000-00-00 00:00:00', '0000-00-00 00:00:00'),
(190, 176, 'Verifikasi wajah', 'foto-176.jpg', '0000-00-00 00:00:00', '0000-00-00 00:00:00'),
(191, 181, 'Verifikasi wajah', 'foto-181.jpg', '0000-00-00 00:00:00', '0000-00-00 00:00:00'),
(192, 180, 'Verifikasi wajah', 'foto-180.jpg', '0000-00-00 00:00:00', '0000-00-00 00:00:00'),
(193, 123, 'Verifikasi wajah', 'foto-123.jpg', '0000-00-00 00:00:00', '0000-00-00 00:00:00'),
(194, 30, 'Verifikasi wajah', 'foto-30.jpg', '0000-00-00 00:00:00', '0000-00-00 00:00:00'),
(195, 119, 'Verifikasi wajah', 'foto-119.jpg', '0000-00-00 00:00:00', '0000-00-00 00:00:00'),
(196, 5, 'Verifikasi wajah', 'foto-5.jpg', '0000-00-00 00:00:00', '0000-00-00 00:00:00'),
(197, 188, 'Verifikasi wajah', 'foto-188.jpg', '0000-00-00 00:00:00', '0000-00-00 00:00:00'),
(198, 90, 'Verifikasi wajah', 'foto-90.jpg', '0000-00-00 00:00:00', '0000-00-00 00:00:00'),
(199, 31, 'Verifikasi wajah', 'foto-31.jpg', '0000-00-00 00:00:00', '0000-00-00 00:00:00'),
(200, 186, 'Verifikasi wajah', 'foto-186.jpg', '0000-00-00 00:00:00', '0000-00-00 00:00:00'),
(201, 201, 'Foto Identitas', '1668268458.logo.jpg', '2022-11-12 08:54:18', '2022-11-12 08:54:18');

--
-- Indexes for dumped tables
--

--
-- Indexes for table `failed_jobs`
--
ALTER TABLE `failed_jobs`
  ADD PRIMARY KEY (`id`),
  ADD UNIQUE KEY `failed_jobs_uuid_unique` (`uuid`);

--
-- Indexes for table `migrations`
--
ALTER TABLE `migrations`
  ADD PRIMARY KEY (`id`);

--
-- Indexes for table `password_resets`
--
ALTER TABLE `password_resets`
  ADD KEY `password_resets_email_index` (`email`);

--
-- Indexes for table `personal_access_tokens`
--
ALTER TABLE `personal_access_tokens`
  ADD PRIMARY KEY (`id`),
  ADD UNIQUE KEY `personal_access_tokens_token_unique` (`token`),
  ADD KEY `personal_access_tokens_tokenable_type_tokenable_id_index` (`tokenable_type`,`tokenable_id`);

--
-- Indexes for table `transactions`
--
ALTER TABLE `transactions`
  ADD PRIMARY KEY (`id`),
  ADD KEY `transactions_users_id_foreign` (`users_id`);

--
-- Indexes for table `users`
--
ALTER TABLE `users`
  ADD PRIMARY KEY (`id`),
  ADD UNIQUE KEY `users_card_unique` (`card`),
  ADD UNIQUE KEY `users_email_unique` (`email`);

--
-- Indexes for table `verifications`
--
ALTER TABLE `verifications`
  ADD PRIMARY KEY (`id`),
  ADD KEY `verifications_users_id_foreign` (`users_id`);

--
-- AUTO_INCREMENT for dumped tables
--

--
-- AUTO_INCREMENT for table `failed_jobs`
--
ALTER TABLE `failed_jobs`
  MODIFY `id` bigint(20) UNSIGNED NOT NULL AUTO_INCREMENT;

--
-- AUTO_INCREMENT for table `migrations`
--
ALTER TABLE `migrations`
  MODIFY `id` int(10) UNSIGNED NOT NULL AUTO_INCREMENT, AUTO_INCREMENT=7;

--
-- AUTO_INCREMENT for table `personal_access_tokens`
--
ALTER TABLE `personal_access_tokens`
  MODIFY `id` bigint(20) UNSIGNED NOT NULL AUTO_INCREMENT;

--
-- AUTO_INCREMENT for table `transactions`
--
ALTER TABLE `transactions`
  MODIFY `id` bigint(20) UNSIGNED NOT NULL AUTO_INCREMENT, AUTO_INCREMENT=203;

--
-- AUTO_INCREMENT for table `users`
--
ALTER TABLE `users`
  MODIFY `id` bigint(20) UNSIGNED NOT NULL AUTO_INCREMENT, AUTO_INCREMENT=203;

--
-- AUTO_INCREMENT for table `verifications`
--
ALTER TABLE `verifications`
  MODIFY `id` bigint(20) UNSIGNED NOT NULL AUTO_INCREMENT, AUTO_INCREMENT=202;

--
-- Constraints for dumped tables
--

--
-- Constraints for table `transactions`
--
ALTER TABLE `transactions`
  ADD CONSTRAINT `transactions_users_id_foreign` FOREIGN KEY (`users_id`) REFERENCES `users` (`id`);

--
-- Constraints for table `verifications`
--
ALTER TABLE `verifications`
  ADD CONSTRAINT `verifications_users_id_foreign` FOREIGN KEY (`users_id`) REFERENCES `users` (`id`);
COMMIT;

/*!40101 SET CHARACTER_SET_CLIENT=@OLD_CHARACTER_SET_CLIENT */;
/*!40101 SET CHARACTER_SET_RESULTS=@OLD_CHARACTER_SET_RESULTS */;
/*!40101 SET COLLATION_CONNECTION=@OLD_COLLATION_CONNECTION */;
